lig_node,rxn_node,common_neighbor,jaccard_coefficient,preferential_attachment,common_neighbor_cluster,number of lig in cluster,jaccard_coefficient_cluster,degree_lig_cluster,degree_rxn,preferential_attachment_cluster
343,CO_nonalt-ethylene,8,0.38095238095238093,38,3,2,1.5,46,5,230
222,CO_nonalt-ethylene,6,0.3,19,5,2,2.5,53,5,265
254,CO_nonalt-ethylene,7,0.3333333333333333,38,5,2,2.5,53,5,265
160,CO_nonalt-ethylene,6,0.3,19,5,2,2.5,53,5,265
078,CO_nonalt-ethylene,6,0.3,19,5,2,2.5,53,5,265
006,CO_nonalt-ethylene,0,0.0,0,6,2,3.0,51,5,255
406,CO_nonalt-ethylene,6,0.3,19,6,2,3.0,51,5,255
331,CO_nonalt-ethylene,8,0.38095238095238093,38,3,2,1.5,46,5,230
144,CO_nonalt-ethylene,6,0.2608695652173913,76,6,2,3.0,51,5,255
128,CO_nonalt-ethylene,6,0.3,19,2,2,1.0,44,5,220
182,CO_nonalt-ethylene,6,0.3,19,5,2,2.5,53,5,265
010,CO_nonalt-ethylene,0,0.0,19,2,2,1.0,44,5,220
398,CO_nonalt-ethylene,6,0.3,19,6,2,3.0,51,5,255
238,CO_nonalt-ethylene,6,0.2857142857142857,38,5,2,2.5,53,5,265
248,CO_nonalt-ethylene,7,0.30434782608695654,76,2,2,1.0,44,5,220
250,CO_nonalt-ethylene,6,0.3,19,5,2,2.5,53,5,265
360,CO_nonalt-ethylene,8,0.38095238095238093,38,5,2,2.5,53,5,265
146,CO_nonalt-ethylene,6,0.3,19,5,2,2.5,53,5,265
039,CO_nonalt-ethylene,4,0.19047619047619047,38,3,2,1.5,46,5,230
124,CO_nonalt-ethylene,7,0.30434782608695654,76,6,2,3.0,51,5,255
317,CO_nonalt-ethylene,2,0.1,19,2,2,1.0,44,5,220
175,CO_nonalt-ethylene,6,0.3,19,2,2,1.0,44,5,220
126,CO_nonalt-ethylene,6,0.3,19,2,2,1.0,44,5,220
451,CO_nonalt-ethylene,6,0.3,19,5,2,2.5,53,5,265
027,CO_nonalt-ethylene,0,0.0,19,6,2,3.0,51,5,255
297,CO_nonalt-ethylene,6,0.3,19,5,2,2.5,27,5,135
015,CO_nonalt-ethylene,0,0.0,19,6,2,3.0,51,5,255
256,CO_nonalt-ethylene,6,0.3,19,5,2,2.5,27,5,135
378,CO_nonalt-ethylene,5,0.25,19,3,2,1.5,46,5,230
109,CO_nonalt-ethylene,0,0.0,0,2,2,1.0,44,5,220
334,CO_nonalt-ethylene,6,0.3,19,3,2,1.5,46,5,230
376,CO_nonalt-ethylene,0,0.0,19,5,2,2.5,27,5,135
387,CO_nonalt-ethylene,6,0.3,19,5,2,2.5,53,5,265
190,CO_nonalt-ethylene,0,0.0,19,3,2,1.5,46,5,230
147,CO_nonalt-ethylene,6,0.3,19,5,2,2.5,27,5,135
396,CO_nonalt-ethylene,6,0.3,19,3,2,1.5,46,5,230
301,CO_nonalt-ethylene,6,0.3,19,5,2,2.5,53,5,265
428,CO_nonalt-ethylene,0,0.0,19,3,2,1.5,46,5,230
269,CO_nonalt-ethylene,10,0.43478260869565216,76,3,2,1.5,46,5,230
170,CO_nonalt-ethylene,6,0.3,19,5,2,2.5,53,5,265
127,CO_nonalt-ethylene,6,0.3,19,2,2,1.0,44,5,220
200,CO_nonalt-ethylene,0,0.0,0,5,2,2.5,53,5,265
101,CO_nonalt-ethylene,7,0.3333333333333333,38,5,2,2.5,27,5,135
136,CO_nonalt-ethylene,2,0.1,19,3,2,1.5,46,5,230
134,CO_nonalt-ethylene,6,0.3,19,3,2,1.5,46,5,230
122,CO_nonalt-ethylene,12,0.36363636363636365,266,5,2,2.5,53,5,265
057,CO_nonalt-ethylene,0,0.0,19,3,2,1.5,46,5,230
293,CO_nonalt-ethylene,0,0.0,0,6,2,3.0,51,5,255
244,CO_nonalt-ethylene,8,0.38095238095238093,38,3,2,1.5,46,5,230
019,CO_nonalt-ethylene,0,0.0,19,2,2,1.0,44,5,220
347,CO_nonalt-ethylene,5,0.25,19,3,2,1.5,46,5,230
018,CO_nonalt-ethylene,0,0.0,19,2,2,1.0,44,5,220
141,CO_nonalt-ethylene,5,0.25,19,5,2,2.5,27,5,135
129,CO_nonalt-ethylene,0,0.0,0,3,2,1.5,46,5,230
169,CO_nonalt-ethylene,0,0.0,0,5,2,2.5,53,5,265
246,CO_nonalt-ethylene,8,0.38095238095238093,38,6,2,3.0,51,5,255
420,CO_nonalt-ethylene,0,0.0,38,2,2,1.0,44,5,220
177,CO_nonalt-ethylene,6,0.3,19,5,2,2.5,53,5,265
072,CO_nonalt-ethylene,0,0.0,0,5,2,2.5,53,5,265
419,CO_nonalt-ethylene,0,0.0,38,2,2,1.0,44,5,220
115,CO_nonalt-ethylene,6,0.3,19,2,2,1.0,44,5,220
348,CO_nonalt-ethylene,8,0.38095238095238093,38,5,2,2.5,53,5,265
437,CO_nonalt-ethylene,0,0.0,19,5,2,2.5,27,5,135
161,CO_nonalt-ethylene,6,0.3,19,5,2,2.5,53,5,265
108,CO_nonalt-ethylene,0,0.0,0,2,2,1.0,44,5,220
036,CO_nonalt-ethylene,0,0.0,19,5,2,2.5,27,5,135
272,CO_nonalt-ethylene,11,0.4583333333333333,95,2,2,1.0,44,5,220
165,CO_nonalt-ethylene,6,0.3,19,3,2,1.5,46,5,230
319,CO_nonalt-ethylene,2,0.1,19,2,2,1.0,44,5,220
337,CO_nonalt-ethylene,6,0.3,19,3,2,1.5,46,5,230
294,CO_nonalt-ethylene,4,0.19047619047619047,38,5,2,2.5,27,5,135
445,CO_nonalt-ethylene,6,0.3,19,6,2,3.0,51,5,255
227,CO_nonalt-ethylene,6,0.3,19,5,2,2.5,53,5,265
397,CO_nonalt-ethylene,6,0.3,19,3,2,1.5,46,5,230
215,CO_nonalt-ethylene,6,0.3,19,5,2,2.5,53,5,265
417,CO_nonalt-ethylene,0,0.0,19,2,2,1.0,44,5,220
394,CO_nonalt-ethylene,6,0.3,19,3,2,1.5,46,5,230
047,CO_nonalt-ethylene,0,0.0,19,2,2,1.0,44,5,220
395,CO_nonalt-ethylene,6,0.3,19,3,2,1.5,46,5,230
276,CO_nonalt-ethylene,6,0.3,19,3,2,1.5,46,5,230
011,CO_nonalt-ethylene,0,0.0,19,2,2,1.0,44,5,220
328,CO_nonalt-ethylene,0,0.0,0,6,2,3.0,51,5,255
353,CO_nonalt-ethylene,6,0.3,19,5,2,2.5,53,5,265
022,CO_nonalt-ethylene,0,0.0,0,3,2,1.5,46,5,230
273,CO_nonalt-ethylene,6,0.3,19,6,2,3.0,51,5,255
211,CO_nonalt-ethylene,6,0.3,19,5,2,2.5,53,5,265
302,CO_nonalt-ethylene,6,0.3,19,2,2,1.0,44,5,220
099,CO_nonalt-ethylene,7,0.2692307692307692,133,5,2,2.5,53,5,265
153,CO_nonalt-ethylene,0,0.0,0,5,2,2.5,27,5,135
014,CO_nonalt-ethylene,0,0.0,19,6,2,3.0,51,5,255
401,CO_nonalt-ethylene,9,0.391304347826087,76,3,2,1.5,46,5,230
418,CO_nonalt-ethylene,0,0.0,19,3,2,1.5,46,5,230
223,CO_nonalt-ethylene,6,0.3,19,5,2,2.5,53,5,265
198,CO_nonalt-ethylene,2,0.09090909090909091,57,5,2,2.5,27,5,135
259,CO_nonalt-ethylene,7,0.3333333333333333,38,5,2,2.5,53,5,265
030,CO_nonalt-ethylene,0,0.0,0,2,2,1.0,44,5,220
415,CO_nonalt-ethylene,0,0.0,19,2,2,1.0,44,5,220
131,CO_nonalt-ethylene,6,0.2727272727272727,57,6,2,3.0,51,5,255
085,CO_nonalt-ethylene,6,0.2608695652173913,76,3,2,1.5,46,5,230
232,CO_nonalt-ethylene,6,0.3,19,2,2,1.0,44,5,220
230,CO_nonalt-ethylene,6,0.2857142857142857,38,5,2,2.5,53,5,265
106,CO_nonalt-ethylene,5,0.25,19,5,2,2.5,27,5,135
167,CO_nonalt-ethylene,6,0.3,19,3,2,1.5,46,5,230
235,CO_nonalt-ethylene,0,0.0,0,2,2,1.0,44,5,220
290,CO_nonalt-ethylene,8,0.36363636363636365,57,6,2,3.0,51,5,255
179,CO_nonalt-ethylene,6,0.3,19,5,2,2.5,53,5,265
178,CO_nonalt-ethylene,6,0.3,19,5,2,2.5,53,5,265
306,CO_nonalt-ethylene,6,0.3,19,3,2,1.5,46,5,230
055,CO_nonalt-ethylene,0,0.0,19,2,2,1.0,44,5,220
149,CO_nonalt-ethylene,6,0.3,19,5,2,2.5,53,5,265
433,CO_nonalt-ethylene,0,0.0,19,5,2,2.5,27,5,135
426,CO_nonalt-ethylene,0,0.0,0,5,2,2.5,27,5,135
410,CO_nonalt-ethylene,0,0.0,19,6,2,3.0,51,5,255
362,CO_nonalt-ethylene,8,0.34782608695652173,76,3,2,1.5,46,5,230
262,CO_nonalt-ethylene,6,0.3,19,6,2,3.0,51,5,255
443,CO_nonalt-ethylene,9,0.4090909090909091,57,5,2,2.5,53,5,265
298,CO_nonalt-ethylene,6,0.3,19,5,2,2.5,27,5,135
340,CO_nonalt-ethylene,6,0.3,19,2,2,1.0,44,5,220
393,CO_nonalt-ethylene,6,0.3,19,2,2,1.0,44,5,220
268,CO_nonalt-ethylene,6,0.3,19,6,2,3.0,51,5,255
216,CO_nonalt-ethylene,6,0.3,19,5,2,2.5,53,5,265
009,CO_nonalt-ethylene,0,0.0,19,6,2,3.0,51,5,255
402,CO_nonalt-ethylene,9,0.391304347826087,76,3,2,1.5,46,5,230
285,CO_nonalt-ethylene,8,0.38095238095238093,38,2,2,1.0,44,5,220
213,CO_nonalt-ethylene,6,0.3,19,5,2,2.5,53,5,265
316,CO_nonalt-ethylene,3,0.15,19,2,2,1.0,44,5,220
164,CO_nonalt-ethylene,6,0.2857142857142857,38,3,2,1.5,46,5,230
363,CO_nonalt-ethylene,8,0.38095238095238093,38,3,2,1.5,46,5,230
368,CO_nonalt-ethylene,0,0.0,38,6,2,3.0,51,5,255
429,CO_nonalt-ethylene,0,0.0,0,3,2,1.5,46,5,230
201,CO_nonalt-ethylene,6,0.3,19,5,2,2.5,53,5,265
158,CO_nonalt-ethylene,6,0.3,19,5,2,2.5,27,5,135
279,CO_nonalt-ethylene,9,0.34615384615384615,133,2,2,1.0,44,5,220
421,CO_nonalt-ethylene,0,0.0,38,2,2,1.0,44,5,220
416,CO_nonalt-ethylene,0,0.0,19,2,2,1.0,44,5,220
033,CO_nonalt-ethylene,0,0.0,19,6,2,3.0,51,5,255
148,CO_nonalt-ethylene,6,0.3,19,5,2,2.5,27,5,135
336,CO_nonalt-ethylene,8,0.38095238095238093,38,3,2,1.5,46,5,230
432,CO_nonalt-ethylene,0,0.0,0,3,2,1.5,46,5,230
054,CO_nonalt-ethylene,0,0.0,19,3,2,1.5,46,5,230
048,CO_nonalt-ethylene,0,0.0,19,6,2,3.0,51,5,255
330,CO_nonalt-ethylene,6,0.2857142857142857,38,3,2,1.5,46,5,230
193,CO_nonalt-ethylene,0,0.0,19,5,2,2.5,27,5,135
058,CO_nonalt-ethylene,0,0.0,19,3,2,1.5,46,5,230
142,CO_nonalt-ethylene,5,0.25,19,6,2,3.0,51,5,255
181,CO_nonalt-ethylene,0,0.0,0,5,2,2.5,53,5,265
168,CO_nonalt-ethylene,6,0.2857142857142857,38,5,2,2.5,53,5,265
046,CO_nonalt-ethylene,0,0.0,19,2,2,1.0,44,5,220
162,CO_nonalt-ethylene,6,0.3,19,3,2,1.5,46,5,230
263,CO_nonalt-ethylene,6,0.3,19,5,2,2.5,53,5,265
400,CO_nonalt-ethylene,9,0.4090909090909091,57,3,2,1.5,46,5,230
332,CO_nonalt-ethylene,8,0.38095238095238093,38,3,2,1.5,46,5,230
145,CO_nonalt-ethylene,0,0.0,0,5,2,2.5,53,5,265
266,CO_nonalt-ethylene,10,0.4166666666666667,95,2,2,1.0,44,5,220
087,CO_nonalt-ethylene,0,0.0,38,3,2,1.5,46,5,230
151,CO_nonalt-ethylene,6,0.3,19,5,2,2.5,53,5,265
308,CO_nonalt-ethylene,6,0.2608695652173913,76,3,2,1.5,46,5,230
056,CO_nonalt-ethylene,0,0.0,19,3,2,1.5,46,5,230
289,CO_nonalt-ethylene,0,0.0,0,6,2,3.0,51,5,255
183,CO_nonalt-ethylene,6,0.2727272727272727,57,5,2,2.5,53,5,265
111,CO_nonalt-ethylene,6,0.3,19,5,2,2.5,53,5,265
339,CO_nonalt-ethylene,8,0.38095238095238093,38,5,2,2.5,27,5,135
345,CO_nonalt-ethylene,0,0.0,0,3,2,1.5,46,5,230
221,CO_nonalt-ethylene,6,0.3,19,5,2,2.5,53,5,265
188,CO_nonalt-ethylene,0,0.0,19,5,2,2.5,27,5,135
423,CO_nonalt-ethylene,0,0.0,19,5,2,2.5,27,5,135
427,CO_nonalt-ethylene,0,0.0,19,5,2,2.5,27,5,135
035,CO_nonalt-ethylene,0,0.0,0,2,2,1.0,44,5,220
364,CO_nonalt-ethylene,8,0.38095238095238093,38,3,2,1.5,46,5,230
388,CO_nonalt-ethylene,0,0.0,0,2,2,1.0,44,5,220
243,CO_nonalt-ethylene,6,0.2857142857142857,38,6,2,3.0,51,5,255
121,CO_nonalt-ethylene,6,0.3,19,5,2,2.5,53,5,265
424,CO_nonalt-ethylene,0,0.0,19,5,2,2.5,27,5,135
440,CO_nonalt-ethylene,8,0.38095238095238093,38,5,2,2.5,27,5,135
116,CO_nonalt-ethylene,6,0.3,19,2,2,1.0,44,5,220
203,CO_nonalt-ethylene,6,0.3,19,5,2,2.5,27,5,135
174,CO_nonalt-ethylene,6,0.3,19,5,2,2.5,53,5,265
386,CO_nonalt-ethylene,0,0.0,0,2,2,1.0,44,5,220
299,CO_nonalt-ethylene,0,0.0,0,5,2,2.5,53,5,265
100,CO_nonalt-ethylene,10,0.4,114,6,2,3.0,51,5,255
411,CO_nonalt-ethylene,10,0.43478260869565216,76,2,2,1.0,44,5,220
041,CO_nonalt-ethylene,6,0.20689655172413793,190,2,2,1.0,44,5,220
292,CO_nonalt-ethylene,0,0.0,0,6,2,3.0,51,5,255
095,CO_nonalt-ethylene,0,0.0,0,6,2,3.0,51,5,255
260,CO_nonalt-ethylene,0,0.0,57,6,2,3.0,51,5,255
008,CO_nonalt-ethylene,0,0.0,19,2,2,1.0,44,5,220
189,CO_nonalt-ethylene,5,0.21739130434782608,76,6,2,3.0,51,5,255
320,CO_nonalt-ethylene,2,0.1,19,2,2,1.0,44,5,220
123,CO_nonalt-ethylene,6,0.3,19,3,2,1.5,46,5,230
086,CO_nonalt-ethylene,6,0.2727272727272727,57,3,2,1.5,46,5,230
104,CO_nonalt-ethylene,6,0.3,19,5,2,2.5,27,5,135
212,CO_nonalt-ethylene,6,0.3,19,5,2,2.5,53,5,265
390,CO_nonalt-ethylene,6,0.3,19,6,2,3.0,51,5,255
132,CO_nonalt-ethylene,8,0.3333333333333333,95,3,2,1.5,46,5,230
159,CO_nonalt-ethylene,6,0.3,19,5,2,2.5,27,5,135
407,CO_nonalt-ethylene,11,0.44,114,6,2,3.0,51,5,255
125,CO_nonalt-ethylene,6,0.3,19,2,2,1.0,44,5,220
173,CO_nonalt-ethylene,6,0.3,19,5,2,2.5,53,5,265
155,CO_nonalt-ethylene,6,0.3,19,5,2,2.5,27,5,135
280,CO_nonalt-ethylene,6,0.3,19,3,2,1.5,46,5,230
196,CO_nonalt-ethylene,8,0.3333333333333333,95,5,2,2.5,27,5,135
444,CO_nonalt-ethylene,8,0.38095238095238093,38,6,2,3.0,51,5,255
226,CO_nonalt-ethylene,0,0.0,0,5,2,2.5,53,5,265
309,CO_nonalt-ethylene,9,0.36,114,5,2,2.5,53,5,265
074,CO_nonalt-ethylene,6,0.3,19,5,2,2.5,53,5,265
354,CO_nonalt-ethylene,0,0.0,0,2,2,1.0,44,5,220
225,CO_nonalt-ethylene,6,0.3,19,5,2,2.5,53,5,265
031,CO_nonalt-ethylene,6,0.2857142857142857,38,3,2,1.5,46,5,230
071,CO_nonalt-ethylene,0,0.0,19,5,2,2.5,27,5,135
255,CO_nonalt-ethylene,13,0.4642857142857143,171,3,2,1.5,46,5,230
236,CO_nonalt-ethylene,6,0.3,19,2,2,1.0,44,5,220
312,CO_nonalt-ethylene,2,0.09523809523809523,38,5,2,2.5,53,5,265
176,CO_nonalt-ethylene,6,0.3,19,2,2,1.0,44,5,220
438,CO_nonalt-ethylene,0,0.0,19,5,2,2.5,27,5,135
405,CO_nonalt-ethylene,6,0.3,19,3,2,1.5,46,5,230
335,CO_nonalt-ethylene,8,0.38095238095238093,38,3,2,1.5,46,5,230
220,CO_nonalt-ethylene,0,0.0,0,5,2,2.5,53,5,265
303,CO_nonalt-ethylene,0,0.0,0,5,2,2.5,53,5,265
295,CO_nonalt-ethylene,6,0.3,19,2,2,1.0,44,5,220
013,CO_nonalt-ethylene,0,0.0,38,6,2,3.0,51,5,255
119,CO_nonalt-ethylene,6,0.3,19,2,2,1.0,44,5,220
044,CO_nonalt-ethylene,0,0.0,19,2,2,1.0,44,5,220
463,CO_nonalt-ethylene,0,0.0,0,3,2,1.5,46,5,230
271,CO_nonalt-ethylene,6,0.3,19,6,2,3.0,51,5,255
367,CO_nonalt-ethylene,5,0.25,19,2,2,1.0,44,5,220
150,CO_nonalt-ethylene,6,0.3,19,5,2,2.5,53,5,265
163,CO_nonalt-ethylene,7,0.2916666666666667,95,3,2,1.5,46,5,230
446,CO_nonalt-ethylene,6,0.3,19,6,2,3.0,51,5,255
139,CO_nonalt-ethylene,5,0.25,19,6,2,3.0,51,5,255
325,CO_nonalt-ethylene,0,0.0,19,5,2,2.5,27,5,135
133,CO_nonalt-ethylene,5,0.22727272727272727,57,2,2,1.0,44,5,220
020,CO_nonalt-ethylene,0,0.0,0,2,2,1.0,44,5,220
305,CO_nonalt-ethylene,9,0.34615384615384615,133,3,2,1.5,46,5,230
029,CO_nonalt-ethylene,0,0.0,0,6,2,3.0,51,5,255
231,CO_nonalt-ethylene,0,0.0,0,5,2,2.5,53,5,265
021,CO_nonalt-ethylene,0,0.0,19,2,2,1.0,44,5,220
391,CO_nonalt-ethylene,6,0.3,19,2,2,1.0,44,5,220
414,CO_nonalt-ethylene,0,0.0,19,5,2,2.5,27,5,135
361,CO_nonalt-ethylene,8,0.38095238095238093,38,3,2,1.5,46,5,230
449,CO_nonalt-ethylene,6,0.3,19,6,2,3.0,51,5,255
467,CO_nonalt-ethylene,0,0.0,0,6,2,3.0,51,5,255
102,CO_nonalt-ethylene,8,0.38095238095238093,38,5,2,2.5,27,5,135
434,CO_nonalt-ethylene,0,0.0,19,2,2,1.0,44,5,220
239,CO_nonalt-ethylene,0,0.0,0,5,2,2.5,53,5,265
107,CO_nonalt-ethylene,6,0.3,19,6,2,3.0,51,5,255
097,CO_nonalt-ethylene,6,0.2727272727272727,57,6,2,3.0,51,5,255
412,CO_nonalt-ethylene,6,0.3,19,5,2,2.5,53,5,265
455,CO_nonalt-ethylene,6,0.3,19,5,2,2.5,53,5,265
184,CO_nonalt-ethylene,6,0.3,19,5,2,2.5,27,5,135
258,CO_nonalt-ethylene,9,0.3333333333333333,152,5,2,2.5,27,5,135
267,CO_nonalt-ethylene,7,0.2916666666666667,95,6,2,3.0,51,5,255
002,CO_nonalt-ethylene,0,0.0,19,2,2,1.0,44,5,220
043,CO_nonalt-ethylene,0,0.0,19,2,2,1.0,44,5,220
425,CO_nonalt-ethylene,0,0.0,19,5,2,2.5,27,5,135
342,CO_nonalt-ethylene,9,0.4090909090909091,57,3,2,1.5,46,5,230
327,CO_nonalt-ethylene,0,0.0,0,3,2,1.5,46,5,230
083,CO_nonalt-ethylene,8,0.34782608695652173,76,5,2,2.5,27,5,135
228,CO_nonalt-ethylene,6,0.3,19,5,2,2.5,53,5,265
113,CO_nonalt-ethylene,0,0.0,0,2,2,1.0,44,5,220
098,CO_nonalt-ethylene,6,0.3,19,3,2,1.5,46,5,230
311,CO_nonalt-ethylene,2,0.1,19,5,2,2.5,53,5,265
205,CO_nonalt-ethylene,6,0.3,19,5,2,2.5,53,5,265
117,CO_nonalt-ethylene,6,0.3,19,3,2,1.5,46,5,230
092,CO_nonalt-ethylene,7,0.30434782608695654,76,5,2,2.5,53,5,265
351,CO_nonalt-ethylene,6,0.3,19,3,2,1.5,46,5,230
307,CO_nonalt-ethylene,8,0.3333333333333333,95,3,2,1.5,46,5,230
261,CO_nonalt-ethylene,6,0.3,19,6,2,3.0,51,5,255
318,CO_nonalt-ethylene,2,0.1,19,2,2,1.0,44,5,220
172,CO_nonalt-ethylene,6,0.3,19,5,2,2.5,53,5,265
403,CO_nonalt-ethylene,9,0.4090909090909091,57,3,2,1.5,46,5,230
338,CO_nonalt-ethylene,6,0.3,19,3,2,1.5,46,5,230
441,CO_nonalt-ethylene,9,0.4090909090909091,57,6,2,3.0,51,5,255
283,CO_nonalt-ethylene,6,0.3,19,2,2,1.0,44,5,220
042,CO_nonalt-ethylene,0,0.0,0,3,2,1.5,46,5,230
192,CO_nonalt-ethylene,0,0.0,19,6,2,3.0,51,5,255
017,CO_nonalt-ethylene,0,0.0,19,2,2,1.0,44,5,220
329,CO_nonalt-ethylene,0,0.0,0,5,2,2.5,27,5,135
352,CO_nonalt-ethylene,6,0.3,19,3,2,1.5,46,5,230
088,CO_nonalt-ethylene,0,0.0,38,2,2,1.0,44,5,220
191,CO_nonalt-ethylene,0,0.0,19,5,2,2.5,27,5,135
384,CO_nonalt-ethylene,6,0.3,19,2,2,1.0,44,5,220
322,CO_nonalt-ethylene,2,0.1,19,5,2,2.5,27,5,135
105,CO_nonalt-ethylene,6,0.3,19,5,2,2.5,27,5,135
282,CO_nonalt-ethylene,6,0.2857142857142857,38,2,2,1.0,44,5,220
344,CO_nonalt-ethylene,6,0.3,19,3,2,1.5,46,5,230
278,CO_nonalt-ethylene,6,0.3,19,6,2,3.0,51,5,255
073,CO_nonalt-ethylene,6,0.3,19,5,2,2.5,53,5,265
370,CO_nonalt-ethylene,6,0.3,19,6,2,3.0,51,5,255
452,CO_nonalt-ethylene,0,0.0,0,3,2,1.5,46,5,230
369,CO_nonalt-ethylene,8,0.36363636363636365,57,2,2,1.0,44,5,220
357,CO_nonalt-ethylene,0,0.0,0,5,2,2.5,53,5,265
356,CO_nonalt-ethylene,6,0.3,19,5,2,2.5,53,5,265
450,CO_nonalt-ethylene,6,0.3,19,5,2,2.5,27,5,135
217,CO_nonalt-ethylene,6,0.3,19,5,2,2.5,53,5,265
314,CO_nonalt-ethylene,6,0.2608695652173913,76,3,2,1.5,46,5,230
171,CO_nonalt-ethylene,6,0.3,19,5,2,2.5,53,5,265
242,CO_nonalt-ethylene,0,0.0,133,6,2,3.0,51,5,255
157,CO_nonalt-ethylene,6,0.3,19,5,2,2.5,27,5,135
404,CO_nonalt-ethylene,6,0.3,19,3,2,1.5,46,5,230
359,CO_nonalt-ethylene,5,0.25,19,5,2,2.5,53,5,265
059,CO_nonalt-ethylene,0,0.0,19,2,2,1.0,44,5,220
079,CO_nonalt-ethylene,6,0.3,19,5,2,2.5,27,5,135
300,CO_nonalt-ethylene,0,0.0,0,2,2,1.0,44,5,220
413,CO_nonalt-ethylene,0,0.0,19,5,2,2.5,27,5,135
252,CO_nonalt-ethylene,8,0.36363636363636365,57,5,2,2.5,53,5,265
349,CO_nonalt-ethylene,9,0.36,114,3,2,1.5,46,5,230
287,CO_nonalt-ethylene,6,0.3,19,3,2,1.5,46,5,230
408,CO_nonalt-ethylene,11,0.44,114,6,2,3.0,51,5,255
281,CO_nonalt-ethylene,10,0.37037037037037035,152,2,2,1.0,44,5,220
310,CO_nonalt-ethylene,2,0.08333333333333333,95,5,2,2.5,53,5,265
137,CO_nonalt-ethylene,9,0.4090909090909091,57,6,2,3.0,51,5,255
422,CO_nonalt-ethylene,0,0.0,19,6,2,3.0,51,5,255
366,CO_nonalt-ethylene,6,0.3,19,3,2,1.5,46,5,230
140,CO_nonalt-ethylene,5,0.25,19,6,2,3.0,51,5,255
202,CO_nonalt-ethylene,0,0.0,0,5,2,2.5,53,5,265
365,CO_nonalt-ethylene,8,0.38095238095238093,38,3,2,1.5,46,5,230
409,CO_nonalt-ethylene,11,0.44,114,2,2,1.0,44,5,220
291,CO_nonalt-ethylene,0,0.0,0,6,2,3.0,51,5,255
156,CO_nonalt-ethylene,6,0.3,19,5,2,2.5,27,5,135
323,CO_nonalt-ethylene,2,0.1,19,2,2,1.0,44,5,220
358,CO_nonalt-ethylene,5,0.25,19,5,2,2.5,53,5,265
270,CO_nonalt-ethylene,8,0.36363636363636365,57,3,2,1.5,46,5,230
112,CO_nonalt-ethylene,6,0.3,19,2,2,1.0,44,5,220
186,CO_nonalt-ethylene,6,0.3,19,5,2,2.5,53,5,265
326,CO_nonalt-ethylene,2,0.1,19,2,2,1.0,44,5,220
350,CO_nonalt-ethylene,9,0.391304347826087,76,5,2,2.5,53,5,265
241,CO_nonalt-ethylene,0,0.0,133,5,2,2.5,53,5,265
324,CO_nonalt-ethylene,2,0.1,19,6,2,3.0,51,5,255
377,CO_nonalt-ethylene,0,0.0,19,3,2,1.5,46,5,230
199,CO_nonalt-ethylene,6,0.3,19,5,2,2.5,53,5,265
180,CO_nonalt-ethylene,6,0.3,19,5,2,2.5,53,5,265
060,CO_nonalt-ethylene,0,0.0,0,5,2,2.5,27,5,135
154,CO_nonalt-ethylene,0,0.0,0,5,2,2.5,27,5,135
082,CO_nonalt-ethylene,6,0.2727272727272727,57,6,2,3.0,51,5,255
005,CO_nonalt-ethylene,0,0.0,19,6,2,3.0,51,5,255
007,CO_nonalt-ethylene,0,0.0,19,6,2,3.0,51,5,255
209,CO_nonalt-ethylene,6,0.3,19,5,2,2.5,53,5,265
075,CO_nonalt-ethylene,6,0.3,19,5,2,2.5,53,5,265
247,CO_nonalt-ethylene,6,0.3,19,2,2,1.0,44,5,220
286,CO_nonalt-ethylene,0,0.0,0,6,2,3.0,51,5,255
090,CO_nonalt-ethylene,10,0.43478260869565216,76,3,2,1.5,46,5,230
315,CO_nonalt-ethylene,12,0.375,247,2,2,1.0,44,5,220
430,CO_nonalt-ethylene,6,0.3,19,6,2,3.0,51,5,255
120,CO_nonalt-ethylene,6,0.3,19,6,2,3.0,51,5,255
084,CO_nonalt-ethylene,5,0.23809523809523808,38,3,2,1.5,46,5,230
224,CO_nonalt-ethylene,6,0.3,19,5,2,2.5,53,5,265
436,CO_nonalt-ethylene,0,0.0,19,2,2,1.0,44,5,220
385,CO_nonalt-ethylene,0,0.0,0,2,2,1.0,44,5,220
166,CO_nonalt-ethylene,0,0.0,19,3,2,1.5,46,5,230
448,CO_nonalt-ethylene,0,0.0,0,6,2,3.0,51,5,255
143,CO_nonalt-ethylene,5,0.25,19,6,2,3.0,51,5,255
135,CO_nonalt-ethylene,8,0.3333333333333333,95,6,2,3.0,51,5,255
288,CO_nonalt-ethylene,0,0.0,0,2,2,1.0,44,5,220
379,CO_nonalt-ethylene,8,0.38095238095238093,38,3,2,1.5,46,5,230
032,CO_nonalt-ethylene,6,0.2857142857142857,38,2,2,1.0,44,5,220
381,CO_nonalt-ethylene,5,0.25,19,3,2,1.5,46,5,230
453,CO_nonalt-ethylene,6,0.3,19,3,2,1.5,46,5,230
077,CO_nonalt-ethylene,0,0.0,0,5,2,2.5,53,5,265
277,CO_nonalt-ethylene,6,0.3,19,6,2,3.0,51,5,255
081,CO_nonalt-ethylene,8,0.36363636363636365,57,6,2,3.0,51,5,255
341,CO_nonalt-ethylene,8,0.38095238095238093,38,3,2,1.5,46,5,230
346,CO_nonalt-ethylene,0,0.0,0,3,2,1.5,46,5,230
233,CO_nonalt-ethylene,6,0.3,19,6,2,3.0,51,5,255
275,CO_nonalt-ethylene,6,0.3,19,3,2,1.5,46,5,230
093,CO_nonalt-ethylene,6,0.3,19,6,2,3.0,51,5,255
240,CO_nonalt-ethylene,0,0.0,114,5,2,2.5,53,5,265
392,CO_nonalt-ethylene,0,0.0,0,2,2,1.0,44,5,220
094,CO_nonalt-ethylene,0,0.0,19,2,2,1.0,44,5,220
214,CO_nonalt-ethylene,6,0.3,19,5,2,2.5,53,5,265
053,CO_nonalt-ethylene,0,0.0,0,6,2,3.0,51,5,255
399,CO_nonalt-ethylene,6,0.3,19,3,2,1.5,46,5,230
383,CO_nonalt-ethylene,6,0.3,19,3,2,1.5,46,5,230
257,CO_nonalt-ethylene,7,0.3333333333333333,38,5,2,2.5,53,5,265
454,CO_nonalt-ethylene,6,0.3,19,2,2,1.0,44,5,220
080,CO_nonalt-ethylene,8,0.36363636363636365,57,6,2,3.0,51,5,255
313,CO_nonalt-ethylene,0,0.0,0,3,2,1.5,46,5,230
439,CO_nonalt-ethylene,8,0.38095238095238093,38,5,2,2.5,27,5,135
382,CO_nonalt-ethylene,5,0.25,19,3,2,1.5,46,5,230
204,CO_nonalt-ethylene,6,0.3,19,5,2,2.5,27,5,135
442,CO_nonalt-ethylene,10,0.43478260869565216,76,6,2,3.0,51,5,255
321,CO_nonalt-ethylene,2,0.1,19,2,2,1.0,44,5,220
207,CO_nonalt-ethylene,6,0.3,19,5,2,2.5,53,5,265
219,CO_nonalt-ethylene,6,0.3,19,5,2,2.5,53,5,265
253,CO_nonalt-ethylene,7,0.3333333333333333,38,2,2,1.0,44,5,220
003,CO_nonalt-ethylene,0,0.0,0,6,2,3.0,51,5,255
096,CO_nonalt-ethylene,6,0.25,95,3,2,1.5,46,5,230
333,CO_nonalt-ethylene,0,0.0,0,3,2,1.5,46,5,230
245,CO_nonalt-ethylene,6,0.2608695652173913,76,6,2,3.0,51,5,255
004,CO_nonalt-ethylene,0,0.0,19,6,2,3.0,51,5,255
206,CO_nonalt-ethylene,6,0.3,19,5,2,2.5,27,5,135
274,CO_nonalt-ethylene,6,0.3,19,2,2,1.0,44,5,220
237,CO_nonalt-ethylene,0,0.0,0,5,2,2.5,53,5,265
130,CO_nonalt-ethylene,0,0.0,0,2,2,1.0,44,5,220
208,CO_nonalt-ethylene,6,0.3,19,5,2,2.5,53,5,265
118,CO_nonalt-ethylene,0,0.0,0,3,2,1.5,46,5,230
114,CO_nonalt-ethylene,6,0.3,19,3,2,1.5,46,5,230
016,CO_nonalt-ethylene,0,0.0,19,6,2,3.0,51,5,255
197,CO_nonalt-ethylene,6,0.3,19,5,2,2.5,27,5,135
431,CO_nonalt-ethylene,0,0.0,19,3,2,1.5,46,5,230
210,CO_nonalt-ethylene,6,0.3,19,5,2,2.5,53,5,265
218,CO_nonalt-ethylene,6,0.2608695652173913,76,5,2,2.5,53,5,265
284,CO_nonalt-ethylene,6,0.3,19,2,2,1.0,44,5,220
380,CO_nonalt-ethylene,8,0.38095238095238093,38,3,2,1.5,46,5,230
389,CO_nonalt-ethylene,6,0.3,19,2,2,1.0,44,5,220
152,CO_nonalt-ethylene,6,0.3,19,5,2,2.5,27,5,135
296,CO_nonalt-ethylene,6,0.3,19,5,2,2.5,53,5,265
138,CO_nonalt-ethylene,8,0.38095238095238093,38,6,2,3.0,51,5,255
249,CO_nonalt-ethylene,6,0.3,19,6,2,3.0,51,5,255
103,CO_nonalt-ethylene,8,0.38095238095238093,38,5,2,2.5,27,5,135
195,CO_nonalt-ethylene,0,0.0,19,6,2,3.0,51,5,255
110,CO_nonalt-ethylene,6,0.3,19,2,2,1.0,44,5,220
229,CO_nonalt-ethylene,6,0.3,19,5,2,2.5,53,5,265
076,CO_nonalt-ethylene,6,0.3,19,5,2,2.5,53,5,265
435,CO_nonalt-ethylene,0,0.0,19,2,2,1.0,44,5,220
447,CO_nonalt-ethylene,8,0.38095238095238093,38,6,2,3.0,51,5,255
234,CO_nonalt-ethylene,6,0.3,19,6,2,3.0,51,5,255
194,CO_nonalt-ethylene,0,0.0,19,5,2,2.5,27,5,135
304,CO_nonalt-ethylene,6,0.3,19,3,2,1.5,46,5,230
