lig_node,rxn_node,common_neighbor,jaccard_coefficient,preferential_attachment,common_neighbor_cluster,number of lig in cluster,jaccard_coefficient_cluster,degree_lig_cluster,degree_rxn,preferential_attachment_cluster,SMILES,ligand_name
278,CO2-ethylene,3,0.11538461538461539,25,1,2,0.5,58,4,232,BrC1=CSC(P(C2=CC=CC=C2OC)C3=CC=CC=C3OC)=C1P(C4=CC=CC=C4)(C5=CC=CC=C5)=O,p-o-85
304,CO2-ethylene,3,0.11538461538461539,25,1,2,0.5,58,4,232,O=S(C1=CC=CC=C1P2N(C3=C(C)C=C(C)C=C3C)CCN2C4=C(C)C=C(C)C=C4C)(O)=O,p-o-116
100,CO2-ethylene,3,0.10714285714285714,75,1,2,0.5,58,4,232,O=P(C)(C)CP(C(C)(C)C)C(C)(C)C,p-o-26
457,CO2-ethylene,0,0.0,25,1,2,0.5,58,4,232,O=S(C1=CC=CC=C1P(C2=C(C)C=CC=C2)C3=CC=CC=C3C)([O])=O,p-o-154
351,CO2-ethylene,3,0.11538461538461539,25,1,2,0.5,58,4,232,OS(C1=CC=CC=C1P(C2=C(C3=CC=CN3C)C=CC=C2)C4=CC=CC=C4)(=O)=O,p-o-130
109,CO2-ethylene,3,0.11538461538461539,25,1,2,0.5,58,4,232,[O]S(C1=CC=CC=C1P(C2=CC=CC=C2OC)C3=CC=CC=C3)(=O)=O,p-o-35
280,CO2-ethylene,0,0.0,0,1,2,0.5,58,4,232,O=P(C1=CC=CC=C1)(C2=CC=CC=C2)C3=C(P(C4CCCCC4)C5CCCCC5)SC6=C3C=CC=C6,p-o-87
260,CO2-ethylene,0,0.0,75,1,2,0.5,58,4,232,OC1=C(C2=C(C)C=C(C)C=C2C)C=CC3=C1N4C(C=C3)=CN(C5=C(C(C)C)C=CC=C5C(C)C)C4,c-o-10
295,CO2-ethylene,3,0.11538461538461539,25,1,2,0.5,58,4,232,O=S(C1=CC=CC=C1P(C2=CC=CC=C2)C3=CC=CC=C3)(N(C4CCCCC4)C5CCCCC5)=O,p-o-107
289,CO2-ethylene,3,0.11538461538461539,25,1,2,0.5,58,4,232,O=P(N(C(C)C)C(C)C)(N(C(C)C)C(C)C)C1=CC=CC=C1P(C2=CC=CC=C2)C3=CC=CC=C3,p-o-101
294,CO2-ethylene,3,0.0967741935483871,150,1,2,0.5,58,4,232,O=P(N(C)C)(N(C)C)C1=CC=C(N(C)C)C=C1P(C2=C(OC)C=CC=C2OC)C3=C(OC)C=CC=C3OC,p-o-106
90,CO2-ethylene,3,0.10344827586206896,100,1,2,0.5,58,4,232,O=P(C1=CC=CC=C1)(C2=CC=CC=C2)N(C3=CC=CC=C3)P(C4=C(C5=CC=CC=C5)C=CC=C4)C6=CC=CC=C6,p-o-16
38,CO2-ethylene,3,0.07692307692307693,350,1,2,0.5,58,4,232,CC1=CC(C)=CC(C)=C1N(C2)CCN2CP(C3CCCCC3)C4CCCCC4,p-o-2
290,CO2-ethylene,3,0.11538461538461539,25,1,2,0.5,58,4,232,O=P(N(C)C)(N(C)C)C1=CC=CC=C1P(C2=C(OC)C=CC=C2)C3=C(OC)C=CC=C3,p-o-102
340,CO2-ethylene,0,0.0,0,1,2,0.5,58,4,232,OS(C1=CC(C)=CC=C1CP(C2CCCCC2)C3CCCCC3)(=O)=O,p-o-125
261,CO2-ethylene,3,0.11538461538461539,25,1,2,0.5,58,4,232,O=P(C(C)(C)C)(C(C)(C)C)CP(C1=C(OC)C=CC=C1)C2=CC=CC=C2OC,p-o-72
277,CO2-ethylene,3,0.11538461538461539,25,1,2,0.5,58,4,232,C(/C1=N/C2=CC=CC3=C2C(C4=CC=CC=C4)=CC=C3)(C5=C6C(C=CC=C61)=CC=C5)=N\C7=C(C=CC=C8C9=CC=CC=C9)C8=CC=C7,n-n-24
296,CO2-ethylene,3,0.11538461538461539,25,1,2,0.5,58,4,232,O=S(C1=CC=CC=C1P(OC2=CC=C(OC)C=C2)OC3=CC=C(OC)C=C3)(N(C4CCCCC4)C5CCCCC5)=O,p-o-108
274,CO2-ethylene,3,0.11538461538461539,25,1,2,0.5,58,4,232,O=P(C(C)(C)C)(C(C)(C)C)C1=CC=CC=C1P(C2=CC=CC=C2)C3=CC=CC=C3,p-o-83
254,CO2-ethylene,3,0.11538461538461539,25,1,2,0.5,58,4,232,OS(C1=CC=CC=C1P(C(CC(C)C)CC(C)C)C(CC(C)C)CC(C)C)(=O)=O,p-o-69
248,CO2-ethylene,3,0.1,125,1,2,0.5,58,4,232,O=P(C(C)(C)C)(C(C)(C)C)C1=CC=CC2=CN(C3=C(C(C)C)C=CC=C3C(C)C)CN21,c-o-4
266,CO2-ethylene,0,0.0,100,1,2,0.5,58,4,232,O=P(C)(C)CP(C1=C(C)C=C(C)C=C1C)C2=C(C)C=C(C)C=C2C,p-o-75
253,CO2-ethylene,0,0.0,25,1,2,0.5,58,4,232,OS(C1=CC=CC=C1P(C(CC)CC)C(CC)CC)(=O)=O,p-o-68
246,CO2-ethylene,3,0.1111111111111111,50,1,2,0.5,58,4,232,O=S([N-]C1=CC=CC2=C1N3C(C=C2)=CN(C4=C(C(C)C)C=CC=C4C(C)C)C3)(C5=C(C)C=C(C)C=C5C)=O,c-n-8
302,CO2-ethylene,3,0.11538461538461539,25,1,2,0.5,58,4,232,O=S(C1=CC=CC=C1P2N(C3=C([H])C=C([H])C=C3C)CCN2C4=C(C)C=C([H])C=C4[H])(O)=O,p-o-114
349,CO2-ethylene,3,0.10714285714285714,75,1,2,0.5,58,4,232,OS(C1=CC=CC=C1P(C2=C(C3=CC=CO3)C=CC=C2)C4=CC=CC=C4)(=O)=O,p-o-128
455,CO2-ethylene,3,0.11538461538461539,25,1,2,0.5,58,4,232,CC(/C(C)=N/C1=C(C2=CC=C(C(C)(C)C)C=C2)C=CC=C1C3=CC=C(C(C)(C)C)C=C3)=N\C4=C(C5=CC=C(C(C)(C)C)C=C5)C=CC=C4C6=CC=C(C(C)(C)C)C=C6,n-n-22
292,CO2-ethylene,3,0.11538461538461539,25,1,2,0.5,58,4,232,O=P(N(C(C)C)C(C)C)(N(C(C)C)C(C)C)C1=CC=CC=C1P(C2=C(OC)C=CC=C2)C3=C(OC)C=CC=C3,p-o-104
411,CO2-ethylene,0,0.0,0,1,2,0.5,58,4,232,O=P(N(C(C)C)C(C)C)(C1=CC=CC=C1)C2=CC=CC=C2P(OC3=CC=C(OC)C=C3)OC4=CC=C(OC)C=C4,p-o-95
95,CO2-ethylene,0,0.0,25,1,2,0.5,58,4,232,OC(C(C(C1=CC(C(C)(C)C)=CC(C(C)(C)C)=C1)=CC=C2)=C2C=C3)=C3P(C4=C(OC)C=CC=C4OC)C5=C(OC)C=CC=C5OC,p-o-21
354,CO2-ethylene,0,0.0,25,1,2,0.5,58,4,232,OC1=C(OCCOC)C=CC2=C1N3C(C=C2)=CN(C4=C(C(C)C)C=CC=C4C(C)C)C3,c-o-11
462,CO2-ethylene,0,0.0,0,1,2,0.5,58,4,232,O=P(C1=CC=CC=C1)(C2=CC=CC=C2)N(C3=CC=C(C(C)(C)C)C=C3)P(C4=CC=CC=C4C5=C(OC)C=CC=C5OC)C6=CC=CC=C6,p-o-159
137,CO2-ethylene,0,0.0,0,1,2,0.5,58,4,232,O=P(OCC)(OCC)C1=CC=CC=C1P(C2=C(OC)C=CC=C2)C3=CC=CC=C3OC,p-o-40
303,CO2-ethylene,0,0.0,0,1,2,0.5,58,4,232,O=S(C1=CC=CC=C1P2N(C3=C([H])C=C([H])C=C3OC)CCN2C4=C(OC)C=C([H])C=C4[H])(O)=O,p-o-115
310,CO2-ethylene,0,0.0,125,1,2,0.5,58,4,232,OS(C1=C([Si](C)(C)C)C=CC=C1P([C@@H]2C[C@H](C)CC[C@H]2C(C)C)[C@@H]3C[C@H](C)CC[C@H]3C(C)C)(=O)=O,p-o-119
284,CO2-ethylene,3,0.11538461538461539,25,1,2,0.5,58,4,232,O=P(OCC)(OCC)C1=CC=C(C)C=C1P(C(C)C)C(C)C,p-o-92
270,CO2-ethylene,3,0.10344827586206896,100,1,2,0.5,58,4,232,O=P(C(C)(C)C)(C(C)(C)C)C1=CC=CC=C1P(C2=CC=CC=C2C(F)(F)F)C3=C(C(F)(F)F)C=CC=C3,p-o-79
92,CO2-ethylene,0,0.0,75,1,2,0.5,58,4,232,O=S(C1=CC=C(C)C=C1P(C2=CC=C(OC)C=C2)C3=CC=C(OC)C=C3)([O])=O,p-o-18
273,CO2-ethylene,3,0.11538461538461539,25,1,2,0.5,58,4,232,O=P(C1=CC=CC=C1)(C2=CC=CC=C2)C3=CC=CC=C3P(C4=CC=CC=C4)C5=CC=CC=C5,p-o-82
287,CO2-ethylene,3,0.11538461538461539,25,1,2,0.5,58,4,232,O=P(N(C(C)C)C(C)C)(N(C(C)C)C(C)C)C1=CC=CC=C1P(C(C)C)C(C)C,p-o-99
283,CO2-ethylene,3,0.11538461538461539,25,1,2,0.5,58,4,232,O=P(OCC)(OCC)C1=CC=CC=C1P(C2=CC=CC=C2)C3=CC=CC=C3,p-o-90
86,CO2-ethylene,3,0.10714285714285714,75,1,2,0.5,58,4,232,O=S(C1=C(C2=C(F)C(F)=C(F)C(F)=C2F)C=CC=C1P(C3=CC=CC=C3C4=C(OC)C=CC=C4OC)C5=CC=CC=C5)(O)=O,p-o-12
39,CO2-ethylene,0,0.0,0,1,2,0.5,58,4,232,CC1=CC(C)=CC(C)=C1N(C2)C3=C(C=CC=C3)N2CP(C4CCCCC4)C5CCCCC5,p-o-3
293,CO2-ethylene,0,0.0,0,1,2,0.5,58,4,232,O=P(N(C(C)C)C(C)C)(N(C(C)C)C(C)C)C1=CC=CC=C1P(C2=C(F)C=CC=C2F)C3=C(F)C=CC=C3F,p-o-105
456,CO2-ethylene,0,0.0,25,1,2,0.5,58,4,232,O=S(C1=CC=C(C)C=C1P(C2=C(C)C=CC=C2)C3=CC=CC=C3C)([O],p-o-153
350,CO2-ethylene,0,0.0,50,1,2,0.5,58,4,232,OS(C1=CC=CC=C1P(C2=C(C3=CC(C=CC=C4)=C4O3)C=CC=C2)C5=CC=CC=C5)(=O)=O,p-o-129
85,CO2-ethylene,3,0.10714285714285714,75,1,2,0.5,58,4,232,O=S(C1=C([H])C=CC=C1P(C2=CC=CC=C2C3=C(OC)C=CC=C3OC)C4CCCCC4)(O)=O,p-o-11
339,CO2-ethylene,3,0.1111111111111111,50,1,2,0.5,58,4,232,CC(C(C=CC=C1C(C)C)=C1/N=C(C2=C3C(C=C(OC)C=C34)=CC(OC)=C2)/C4=N/C5=C(C(C)C)C=CC=C5C(C)C)C,n-n-47
252,CO2-ethylene,3,0.1111111111111111,50,1,2,0.5,58,4,232,OS(C1=CC=CC=C1P(C(C)(C)C)C(C)(C)C)(=O)=O,p-o-67
279,CO2-ethylene,3,0.09375,175,1,2,0.5,58,4,232,O=P(C1=CC=CC=C1)(C2=CC=CC=C2)C3=C(P(C4=CC=CC=C4OC)C5=CC=CC=C5OC)SC6=C3C=CC=C6,p-o-86
461,CO2-ethylene,0,0.0,25,1,2,0.5,58,4,232,O=P(C1=CC=CC=C1)(C2=CC=CC=C2)N(C3=CC=CC=C3)P(C4=CC=CC=C4)C5=CC=CC=C5,p-o-158
466,CO2-ethylene,0,0.0,25,1,2,0.5,58,4,232,O=P(C1=CC=CC=C1)(C2=CC=CC=C2)N(C3=CC=C(N(C)C)C=C3)P(C4=CC=CC=C4OC)C5=C(OC)C=CC=C5,p-o-163
352,CO2-ethylene,3,0.11538461538461539,25,1,2,0.5,58,4,232,OS(C1=CC=CC=C1P(C2=C(C3=CC=CS3)C=CC=C2)C4=CC=CC=C4)(=O)=O,p-o-131
263,CO2-ethylene,3,0.11538461538461539,25,1,2,0.5,58,4,232,O=P(C(C)(C)C)(C(C)(C)C)CP(C(C)C)C(C)C,p-o-74
244,CO2-ethylene,3,0.10714285714285714,75,1,2,0.5,58,4,232,O=P(N(C(C)C)C(C)C)(C1=CC=CC=C1)C2=CC=CC=C2P(C3CCCCC3)C4CCCCC4,p-o-64
88,CO2-ethylene,3,0.10344827586206896,100,1,2,0.5,58,4,232,O=S(C1=C([Si](C)(C)C)C=CC=C1P(C2=CC=CC=C2C3=C(OC)C=CC=C3OC)C4=CC=CC=C4)(O)=O,p-o-14
182,CO2-ethylene,3,0.11538461538461539,25,1,2,0.5,58,4,232,[O]C1=C(/C([H])=N/C2=C(C(C)C)C=CC=C2C(C)C)C=CC=C1C3=CC=CC(/C=N/C4=C(C(C)C)C=CC=C4C(C)C)=C3O,n-o-33
271,CO2-ethylene,0,0.0,25,1,2,0.5,58,4,232,O=P(C(C)C)(C(C)C)C1=CC=CC=C1P(C2=CC=CC=C2C(F)(F)F)C3=C(C(F)(F)F)C=CC=C3,p-o-80
301,CO2-ethylene,3,0.11538461538461539,25,1,2,0.5,58,4,232,O=S(C1=CC=CC=C1P2N(C3=C([H])C=C([H])C=C3[H])CCN2C4=C([H])C=C([H])C=C4[H])(O)=O,p-o-113
297,CO2-ethylene,3,0.11538461538461539,25,1,2,0.5,58,4,232,O=S(C1=CC=CC=C1P(C2CCCCC2)C3CCCCC3)(N(C4CCCCC4)C5CCCCC5)=O,p-o-109
341,CO2-ethylene,3,0.11538461538461539,25,1,2,0.5,58,4,232,OS(C1=CC(C)=CC=C1CP(C2=C(OC)C=CC=C2)C3=C(OC)C=CC=C3)(=O)=O,p-o-126
392,CO2-ethylene,3,0.11538461538461539,25,1,2,0.5,58,4,232,O=S(C1=CC=CC=C1P(C2=CC=CC=C2OC)C3=C(OC)C=CC=C3)(NC4=CC=CC=C4)=O,p-o-135
463,CO2-ethylene,0,0.0,25,1,2,0.5,58,4,232,O=P(C1=CC=CC=C1)(C2=CC=CC=C2)N(C3=CC=C(OC)C=C3)P(C4=CC=CC=C4C5=C(OC)C=CC=C5OC)C6=CC=CC=C6,p-o-160
250,CO2-ethylene,3,0.11538461538461539,25,1,2,0.5,58,4,232,O=P(N1C=CN(C2=C(C(C)C)C=CC=C2C(C)C)C1)(C(C)(C)C)C(C)(C)C,c-o-6
312,CO2-ethylene,0,0.0,50,1,2,0.5,58,4,232,OS(C1=C(C2=CC=CC=C2)C=CC=C1P([C@@H]3C[C@H](C)CC[C@H]3C(C)C)[C@@H]4C[C@H](C)CC[C@H]4C(C)C)(=O)=O,p-o-121
186,CO2-ethylene,3,0.1111111111111111,50,1,2,0.5,58,4,232,O=S(C1=CC=CC=C1P(C2=CC=CC=C2)C3=CC=CC=C3)([O])=O,p-o-53
465,CO2-ethylene,0,0.0,25,1,2,0.5,58,4,232,O=P(C1=CC=CC=C1)(C2=CC=CC=C2)N(C3=CC=C(N(C)C)C=C3)P(C4=CC=CC=C4C5=C(OC)C=C(OC)C=C5OC)C6=CC=CC=C6,p-o-162
91,CO2-ethylene,3,0.1111111111111111,50,1,2,0.5,58,4,232,O=P(C1=CC=CC=C1)(C2=CC=CC=C2)N(C3=CC=C(OC)C=C3)[P@@](C4=C(C5=CC=CC=C5)C=CC=C4)C6=CC=CC=C6,p-o-17
272,CO2-ethylene,3,0.1,125,1,2,0.5,58,4,232,O=P(C)(C)C1=CC=CC=C1P(C2=CC=CC=C2C(F)(F)F)C3=C(C(F)(F)F)C=CC=C3,p-o-81
89,CO2-ethylene,3,0.1,125,1,2,0.5,58,4,232,O=P(C1=CC=CC=C1)(C2=CC=CC=C2)N(C3=CC=CC=C3)P(C4=CC=CC=C4OC)C5=CC=CC=C5OC,p-o-15
110,CO2-ethylene,3,0.11538461538461539,25,1,2,0.5,58,4,232,[O]S(C1=CC=CC=C1P(C2=CC=CC=C2OC3=CC=CC=C3)C4=CC=CC=C4)(=O)=O,p-o-36
98,CO2-ethylene,3,0.11538461538461539,25,1,2,0.5,58,4,232,[*]C1=C(C2=CC=CC=C2)C=CC=C1,p-o-24
298,CO2-ethylene,3,0.11538461538461539,25,1,2,0.5,58,4,232,O=S(C1=CC=CC=C1P(C(C)C)C(C)C)(N(C2CCCCC2)C3CCCCC3)=O,p-o-110
267,CO2-ethylene,0,0.0,125,1,2,0.5,58,4,232,O=P(C(C)(C)C)(C(C)(C)C)C1=CC=CC=C1P(C(C)C)C(C)C,p-o-76
96,CO2-ethylene,3,0.10344827586206896,100,1,2,0.5,58,4,232,[*]C1=C(OC)C=C(OC)C=C1OC,p-o-22
285,CO2-ethylene,0,0.0,0,1,2,0.5,58,4,232,O=P(OCC)(OCC)C1=CC=C(C)C=C1P(C2=CC=C(C(C)(C)C)C=C2)C3=CC(C)=CC=C3P(OCC)(OCC)=O,p-o-93
281,CO2-ethylene,3,0.09375,175,1,2,0.5,58,4,232,O=P(C1=CC=CC=C1)(C2=CC=CC=C2)C3=C(P(C4=CC=CC=C4OC)C5=CC=CC=C5OC)SC6=C3C=CC=C6,p-o-88
111,CO2-ethylene,3,0.11538461538461539,25,1,2,0.5,58,4,232,[O]S(C1=CC=CC=C1P(C2=CC=CC=C2OC3=C(C)C=CC=C3C)C4=CC=CC=C4)(=O)=O,p-o-37
355,CO2-ethylene,3,0.10714285714285714,75,1,2,0.5,58,4,232,O=P(C(C)C)(C(C)C)N(C1=CC=CC=C1)P(C2=CC=CC=C2)C3=CC=CC=C3C4=C(OC)C=CC=C4OC,p-o-133
311,CO2-ethylene,0,0.0,25,1,2,0.5,58,4,232,OS(C1=C([Si](C2=CC=CC=C2)(C)C3=CC=CC=C3)C=CC=C1P([C@@H]4C[C@H](C)CC[C@H]4C(C)C)[C@@H]5C[C@H](C)CC[C@H]5C(C)C)(=O)=O,p-o-120
464,CO2-ethylene,0,0.0,25,1,2,0.5,58,4,232,O=P(C1=CC=CC=C1)(C2=CC=CC=C2)N(C3=CC=C(N(C)C)C=C3)P(C4=CC=CC=C4C5=C(OC)C=CC=C5OC)C6=CC=CC=C6,p-o-161
460,CO2-ethylene,0,0.0,25,1,2,0.5,58,4,232,O=P(C1=CC=CC=C1)(C2=CC=CC=C2)N(C3=CC=C(OC)C=C3)P(C4=CC=CC=C4)C5=CC=CC=C5,p-o-157
376,CO2-ethylene,0,0.0,25,1,2,0.5,58,4,232,CC1=CC(C)=CC(C)=C1N2CN3C(C=CC=C3S(O)(=O)=O)=C2,c-o-12
291,CO2-ethylene,3,0.11538461538461539,25,1,2,0.5,58,4,232,O=P(N(CC)CC)(N(CC)CC)C1=CC=CC=C1P(C2=C(OC)C=CC=C2)C3=C(OC)C=CC=C3,p-o-103
255,CO2-ethylene,0,0.0,125,1,2,0.5,58,4,232,OS(C1=CC=CC=C1P(C2=C(C)C=C(C)C=C2C)C3=C(C)C=C(C)C=C3C)(=O)=O,p-o-70
183,CO2-ethylene,3,0.10714285714285714,75,1,2,0.5,58,4,232,O=P(C1=CC=CC=C1)(C2=CC=CC=C2)N(C3=C(C(C)C)C=CC=C3C(C)C)/C=N/C4=CC=CC=C4,n-o-34
305,CO2-ethylene,3,0.0967741935483871,150,1,2,0.5,58,4,232,O=S(C1=CC=CC=C1P2N(C3=C(C(C)C)C=C([H])C=C3C(C)C)CCN2C4=C(C(C)C)C=C([H])C=C4C(C)C)(O)=O,p-o-117
458,CO2-ethylene,0,0.0,25,1,2,0.5,58,4,232,O=P(C1=CC=CC=C1)(C2=CC=CC=C2)N(C3=CC=C(OC)C=C3)P(C4=CC=CC=C4OC)C5=C(OC)C=CC=C5,p-o-155
136,CO2-ethylene,0,0.0,25,1,2,0.5,58,4,232,[O]C(C(C(F)(F)F)=CC=C1)=C1P(C2=CC=CC=C2C3=C(OC)C=CC=C3OC)C4=CC=CC=C4,p-o-39
315,CO2-ethylene,3,0.08108108108108109,300,1,2,0.5,58,4,232,too long,n-n-29
407,CO2-ethylene,3,0.0967741935483871,150,1,2,0.5,58,4,232,OS(C1=CC=CC=C1P(C2=C(OCCOC)C=CC=C2)C3=C(OCCOC)C=CC=C3)(=O)=O,p-o-138
268,CO2-ethylene,3,0.1111111111111111,50,1,2,0.5,58,4,232,O=P(C(C)(C)C)(C(C)(C)C)C1=CC=CC=C1P(C2=CC=CC=C2)C3=CC=CC=C3,p-o-77
87,CO2-ethylene,3,0.10714285714285714,75,1,2,0.5,58,4,232,O=S(C1=C([H])C=CC=C1P(C2=CC=CC=C2C3=C(OC)C=CC=C3OC)C(C)(C)C)(O)=O,p-o-13
269,CO2-ethylene,3,0.1,125,1,2,0.5,58,4,232,O=P(C(C)(C)C)(C(C)(C)C)C1=CC=CC=C1P(C2=CC=CC=C2OC)C3=C(OC)C=CC=C3,p-o-78
251,CO2-ethylene,3,0.10714285714285714,75,1,2,0.5,58,4,232,[O]S(C1=CC=CC=C1P(C(C)C)C(C)C)(=O)=O,p-o-66
251,CO2-ethylene,3,0.10714285714285714,75,1,2,0.5,58,4,232,O=S(C1=CC=CC=C1P(C(C)C)C(C)C)([O])=O,p-o-66
393,CO2-ethylene,3,0.11538461538461539,25,1,2,0.5,58,4,232,O=S(C1=CC=CC=C1P(C2=CC=CC=C2OC)C3=C(OC)C=CC=C3)(NC4=C(C(C)C)C=CC=C4C(C)C)=O,p-o-136
108,CO2-ethylene,0,0.0,25,1,2,0.5,58,4,232,[O]C1=C(P(C2=CC=CC=C2C3=CC=CC=C3)C4=CC=CC=C4)C=CC5=C1C=CC=C5,p-o-34
408,CO2-ethylene,3,0.10344827586206896,100,1,2,0.5,58,4,232,OS(C1=CC=CC=C1P(C2=C(OCCOCCOC)C=CC=C2)C3=C(OCCOCCOC)C=CC=C3)(=O)=O,p-o-139
249,CO2-ethylene,3,0.11538461538461539,25,1,2,0.5,58,4,232,O=P(C(C)(C)C)(C(C)(C)C)C1=CC=CC2=CN(C3=C(CC4=CC=CC=C4)C=C(C)C=C3CC5=CC=CC=C5)CN21,c-o-5
242,CO2-ethylene,0,0.0,200,1,2,0.5,58,4,232,OC1=C(/N=C2N(C3=C(C(C4=CC=CC=C4)C5=CC=CC=C5)C=CC=C3C(C6=CC=CC=C6)C7=CC=CC=C7)C=CN\2C8=C(C(C9=CC=CC=C9)C%10=CC=CC=C%10)C=CC=C8C(C%11=CC=CC=C%11)C%12=CC=CC=C%12)C=CC=C1,n-o-79
247,CO2-ethylene,3,0.11538461538461539,25,1,2,0.5,58,4,232,O=S([N-]C1=CC=CC2=C1N3C(C=C2)=CN(C4=C(C(C)C)C=CC=C4C(C)C)C3)(C)=O,c-n-9
472,CO2-ethylene,0,0.0,25,1,2,0.5,58,4,232,[O-]C1=C2C(C=CC=C2)=CC=C1P(C3=CC=CC=C3)C4=CC=CC=C4C5=C(OC)C=CC=C5OC,p-o-169
406,CO2-ethylene,3,0.11538461538461539,25,1,2,0.5,58,4,232,C/C(OP(C(C)(C)C)C(C)(C)C)=N\C1=C(C(C)C)C=CC=C1C(C)C,p-n-33
99,CO2-ethylene,3,0.09090909090909091,200,1,2,0.5,58,4,232,[*]C1=C(C2=C(F)C=CC=C2F)C=CC=C1,p-o-25
262,CO2-ethylene,3,0.11538461538461539,25,1,2,0.5,58,4,232,O=P(C(C)(C)C)(C(C)(C)C)CP(C1=C(C(F)(F)F)C=CC=C1)C2=CC=CC=C2C(F)(F)F,p-o-73
391,CO2-ethylene,3,0.11538461538461539,25,1,2,0.5,58,4,232,CC1=CC=CC=C1P(C2=CC=CC=C2C)CC3=CC=CC(C4=C(C)C=C(C)C=C4C)=N3,p-n-27
184,CO2-ethylene,0,0.0,0,1,2,0.5,58,4,232,O=P(C1=CC=CC=C1)(C2=CC=CC=C2)N(C3=C(F)C=CC=C3F)/C=N/C4=CC=CC=C4,n-o-35
97,CO2-ethylene,3,0.1,125,1,2,0.5,58,4,232,[*]C1=C(C2=C(OC)C=CC=C2OC)C=CC=C1,p-o-23
84,CO2-ethylene,3,0.1111111111111111,50,1,2,0.5,58,4,232,[O-]C(C(C(C)(C)C)=CC=C1)=C1P(C2=C(OC)C=CC=C2OC)C3=C(OC)C=CC=C3OC,p-o-10
282,CO2-ethylene,0,0.0,25,1,2,0.5,58,4,232,O=P(C1=CC=CC=C1)(C2=CC=CC=C2)C3=CC=CC=C3P(C4=C(OC)C=CC=C4)C5=C(OC)C=CC=C5,p-o-89
348,CO2-ethylene,3,0.11538461538461539,25,1,2,0.5,58,4,232,CC(/C(C)=N/C1=C(C(C)C)C=C(N(C)C)C=C1C(C)C)=N\C2=C(C(C)C)C=C(N(C)C)C=C2C(C)C,n-n-53
286,CO2-ethylene,3,0.11538461538461539,25,1,2,0.5,58,4,232,O=P(N(C)C)(N(C)C)C1=CC=CC=C1P(C(C)C)C(C)C,p-o-98
288,CO2-ethylene,3,0.11538461538461539,25,1,2,0.5,58,4,232,O=P(N(C(C)C)C(C)C)(N(C(C)C)C(C)C)C1=CC=CC=C1P(CCCCC)CCCCC,p-o-100
245,CO2-ethylene,0,0.0,75,1,2,0.5,58,4,232,O=P(N(C(C)C)C(C)C)(C1=CC=CC=C1)C2=CC=CC=C2P(C3=CC=CC=C3C4=C(OC)C=CC=C4OC)C5=CC=CC=C5,p-o-65
309,CO2-ethylene,0,0.0,125,1,2,0.5,58,4,232,CC(C1=CC=CC(C(C)C)=C1/N=C(C2=CC=CC3=CC=CC4=C23)/C4=N/C5=C(C(C)C)C=CC=C5C(C)C)C,n-n-27
299,CO2-ethylene,3,0.11538461538461539,25,1,2,0.5,58,4,232,O=S(C1=CC=CC=C1P(C2=CC=CC=C2)C3=CC=CC=C3)(N(C)C)=O,p-o-111
138,CO2-ethylene,0,0.0,25,1,2,0.5,58,4,232,O=[P](C1=C(OC)C=CC=C1)C2=CC=CC=C2P(C3=C(OC)C=CC=C3)C4=CC=CC=C4OC,p-o-41
370,CO2-ethylene,0,0.0,0,1,2,0.5,58,4,232,CC(/C(C)=N/C1=C(CC2=CC=CC=C2)C=C(O)C=C1CC3=CC=CC=C3)=N\C4=C(C(C5=CC=CC=C5)C6=CC=CC=C6)C=C(O)C=C4C(C7=CC=CC=C7)C8=CC=CC=C8.CC9=CC=CC=C9.CC%10=CC=CC=C%10,n-n-70
243,CO2-ethylene,3,0.1111111111111111,50,1,2,0.5,58,4,232,O=P(N(C(C)C)C(C)C)(C1=CC=CC=C1)C2=CC=CC=C2P(C3=CC=CC=C3)C4=CC=CC=C4,p-o-63
300,CO2-ethylene,3,0.11538461538461539,25,1,2,0.5,58,4,232,O=S(C1=CC=CC=C1P(C(C)C)C(C)C)(N(C)C)=O,p-o-112
459,CO2-ethylene,0,0.0,25,1,2,0.5,58,4,232,O=P(C1=CC=CC=C1)(C2=CC=CC=C2)N(C3=CC=C(C(F)(F)F)C=C3)P(C4=CC=CC=C4OC)C5=C(OC)C=CC=C5,p-o-156
169,CO2-ethylene,3,0.11538461538461539,25,9,2,4.5,49,4,196,O=C(C(F)(F)F)C(C(C(F)(F)F)=O)/C=N/C1=C(C(C)C)C=CC=C1C(C)C,n-o-20
166,CO2-ethylene,3,0.1111111111111111,50,9,2,4.5,49,4,196,CC(C=C1C2=CC(F)=C(F)C(F)=C2)=CC(C3=CC(F)=C(F)C(F)=C3)=C1/N=C(C4=C5C6=CC=CC5=CC=C4)/C6=N/C7=C(C8=CC(F)=C(F)C(F)=C8)C=C(C)C=C7C9=CC(F)=C(F)C(F)=C9,n-n-17
357,CO2-ethylene,3,0.1111111111111111,50,9,2,4.5,49,4,196,C/C(C1=CC=CC=N1)=N\C2=C(C3=CC=CC=C3)C=CC=C2C(C4=CC=CC=C4)C5=CC=CC=C5,n-n-54
418,CO2-ethylene,0,0.0,0,9,2,4.5,49,4,196,CC(C=C(C)C=C1C)=C1/N=C(C2=C3C(C=CC=C34)=CC=C2)/C4=N/C5=C(C)C=C(C)C=C5C,n-n-87
230,CO2-ethylene,0,0.0,0,9,2,4.5,49,4,196,[O][N]1=C(/C=N/C2=C(C(C3=CC=CC=C3)C4=CC=CC=C4)C=C(C)C=C2C(C5=CC=CC=C5)C6=CC=CC=C6)C=CC=C1,n-o-72
168,CO2-ethylene,3,0.1111111111111111,50,9,2,4.5,49,4,196,CC(C=[C@]1[C@]2=C(F)C(F)=C(F)C(F)=C2F)=C[C@]([C@]3=C(F)C(F)=C(F)C(F)=C3F)=C1/N=C(C4=C5C6=CC=CC5=CC=C4)/C6=N/C7=[C@]([C@]8=C(F)C(F)=C(F)C(F)=C8F)C=C(C)C=[C@]7[C@]9=C(F)C(F)=C(F)C(F)=C9F,n-n-19
216,CO2-ethylene,3,0.11538461538461539,25,9,2,4.5,49,4,196,OC1=C(/C([H])=N/C2=C(C(C)C)C=CC=C2C(C)C)C=CC=C1C3=C(F)C(F)=C(F)C(F)=C3F,n-o-57
362,CO2-ethylene,3,0.1,125,9,2,4.5,49,4,196,CC(C(C=CC=C1C(C)C)=C1/N=C2C(C3=C4C=CC=C3)C(C=CC=C5)=C5C4C/2=N/C6=C(C(C)C)C=CC=C6C(C)C)C,n-n-59
322,CO2-ethylene,0,0.0,0,9,2,4.5,49,4,196,CC(/C(C)=N/C1=CC=CC=C1C(C)(C)C)=N\C2=C(C(C)(C)C)C=CC=C2,n-n-35
452,CO2-ethylene,3,0.11538461538461539,25,9,2,4.5,49,4,196,[O]/C(OC)=C1C=CC=CC/1=N\C2=C(C(C)C)C=CC=C2C(C)C,n-o-19
422,CO2-ethylene,0,0.0,0,9,2,4.5,49,4,196,CC(/N=C/C1(CCCC1)/C=N/C(C)(C)C)(C)C,n-n-91
332,CO2-ethylene,3,0.1111111111111111,50,9,2,4.5,49,4,196,CC(/C(C)=N/C1=C(C(C2=CC=CC=C2)C3=CC=CC=C3)C=C(OC)C=C1C(C4=CC=CC=C4)C5=CC=CC=C5)=N\C6=C(C(C7=CC=CC=C7)C8=CC=CC=C8)C=C(OC)C=C6C(C9=CC=CC=C9)C%10=CC=CC=C%10,n-n-105
331,CO2-ethylene,3,0.1111111111111111,50,9,2,4.5,49,4,196,CC(C=C1C(C2=CC=CC=C2)C3=CC=CC=C3)=CC(C(C4=CC=CC=C4)C5=CC=CC=C5)=C1/N=C(C)/C(C)=N/C6=C(C(C7=CC=CC=C7)C8=CC=CC=C8)C=C(C)C=C6C(C9=CC=CC=C9)C%10=CC=CC=C%10,n-n-104
419,CO2-ethylene,0,0.0,75,9,2,4.5,49,4,196,CC(C)C1=CC=CC(C(C)C)=C1/N=C/C2(CCCC2)/C=N/C3=C(C(C)C)C=CC=C3C(C)C,n-n-88
402,CO2-ethylene,3,0.10714285714285714,75,9,2,4.5,49,4,196,CC(C(C=CC=C1C2=CC=C([N+]([O-])=O)C=C2)=C1O3)(C)C4=C3C(C5=CC(C(C)C)=C(/N=C(C6=C(C7=CC=C8)C8=CC=C6)/C7=N/C9=C(C(C)C)C=C(C%10=C(OC(C(C%11=CC=C([N+]([O-])=O)C=C%11)=CC=C%12)=C%12C%13(C)C)C%13=CC=C%10)C=C9C(C)C)C(C(C)C)=C5)=CC=C4,n-n-80
437,CO2-ethylene,0,0.0,0,9,2,4.5,49,4,196,BrC(C=C1C)=CC(C)=C1/N=C2C3C4=C(C=CC=C4)C(C5=C3C=CC=C5)C/2=N/C6=C(C)C=C(Br)C=C6C,n-n-102
436,CO2-ethylene,0,0.0,25,9,2,4.5,49,4,196,CC(C=C(C)C=C1C)=C1/N=C2C(C3=C4C=CC=C3)C(C=CC=C5)=C5C4C/2=N/C6=C(C)C=C(C)C=C6C,n-n-101
213,CO2-ethylene,3,0.11538461538461539,25,9,2,4.5,49,4,196,O[N]1=CC=C([N+]([O-])=O)C=C1/C=N/C2=CC=CC=C2,n-o-54
224,CO2-ethylene,0,0.0,0,9,2,4.5,49,4,196,OC1=C(/C([H])=N/C2=C(C(C)C)C=CC=C2C(C)C)C=CC=C1C3=CC=CC=C3,n-o-65
163,CO2-ethylene,0,0.0,100,9,2,4.5,49,4,196,CC(C=C1C2=CC=CC=C2)=CC(C3=CC=CC=C3)=C1/N=C(C4=C5C6=CC=CC5=CC=C4)/C6=N/C7=C(C8=CC=CC=C8)C=C(C)C=C7C9=CC=CC=C9,n-n-14
427,CO2-ethylene,0,0.0,25,9,2,4.5,49,4,196,CC(C)C1=C(/N=C/C2=NC=CC=C2)C=CC=C1,n-n-96
228,CO2-ethylene,0,0.0,0,9,2,4.5,49,4,196,OC1=C(/C([H])=N/C2=C(C(C)C)C=C(CC=C)C=C2C(C)C)C=C(C)C=C1C(C)(C)C,n-o-69
320,CO2-ethylene,0,0.0,25,9,2,4.5,49,4,196,CC(C=C(C)C=C1)=C1/N=C(C)/C(C)=N/C2=CC=C(C)C=C2C,n-n-33
361,CO2-ethylene,0,0.0,25,9,2,4.5,49,4,196,C/C(C1=CC=CC=N1)=N\C2=C(C3=CC=CC=C3)C=C(C)C=C2C4C5=CC=CC=C5CCC6=C4C=CC=C6,n-n-58
219,CO2-ethylene,3,0.11538461538461539,25,9,2,4.5,49,4,196,OC(C(C(C)(C)C)=CC=C1)=C1/C=N/C2=C(C(C3=CC=CC=C3)C4=CC=CC=C4)C=C(C(C5=CC=CC=C5)C6=CC=CC=C6)C7=CC=CC(C8=CC=C(C(C)(C)C)C=C8)=C72,n-o-60
425,CO2-ethylene,0,0.0,25,9,2,4.5,49,4,196,CC(C)C1=CC=C(/N=C/C2=NC=CC=C2)C=C1,n-n-94
276,CO2-ethylene,3,0.1111111111111111,50,9,2,4.5,49,4,196,CC(/C(C)=N/C1=CC=CC2=C1C(C3=CC=CC=C3)=CC=C2)=N\C4=C(C=CC=C5C6=CC=CC=C6)C5=CC=C4,n-n-23
333,CO2-ethylene,3,0.11538461538461539,25,9,2,4.5,49,4,196,ClC(C=C1C(C2=CC=CC=C2)C3=CC=CC=C3)=CC(C(C4=CC=CC=C4)C5=CC=CC=C5)=C1/N=C(C)/C(C)=N/C6=C(C(C7=CC=CC=C7)C8=CC=CC=C8)C=C(Cl)C=C6C(C9=CC=CC=C9)C%10=CC=CC=C%10,n-n-106
217,CO2-ethylene,3,0.11538461538461539,25,9,2,4.5,49,4,196,OC1=C(/C([H])=N/C2=C(C(C)C)C=CC=C2C(C)C)C=CC=C1C3=C(OC)C=CC=C3,n-o-58
161,CO2-ethylene,3,0.11538461538461539,25,9,2,4.5,49,4,196,[O]C1=C(/C([H])=N/C2=C(C(C)C)C=CC=C2C(C)C)C=C(C(C)(C)C)C=C1C(O)(C3=CC=CC=C3)C4=CC=CC=C4,n-o-16
205,CO2-ethylene,3,0.11538461538461539,25,9,2,4.5,49,4,196,O=C1C(NC2=C(Br)C=CC=C2Br)=CC=CC=C1,n-o-46
414,CO2-ethylene,0,0.0,25,9,2,4.5,49,4,196,C1(CCCCC1)/N=C/C=N/C2CCCCC2,n-n-83
428,CO2-ethylene,0,0.0,25,9,2,4.5,49,4,196,CCC1=C(/N=C/C2=NC=CC=C2)C=CC=C1,n-n-97
211,CO2-ethylene,3,0.11538461538461539,25,9,2,4.5,49,4,196,O[N]1=CC(/C=C\C)=CC=C1/C=N/C2=C(C(C)C)C=CC=C2C(C)C,n-o-52
220,CO2-ethylene,3,0.11538461538461539,25,9,2,4.5,49,4,196,OC(C(C(C)(C)C)=CC=C1)=C1/C=N/C2=C(C(C3=CC=CC=C3)C4=CC=CC=C4)C=C(C(C5=CC=CC=C5)C6=CC=CC=C6)C7=CC=CC(C8=CC=C(C)C=C8)=C72,n-o-61
149,CO2-ethylene,3,0.11538461538461539,25,9,2,4.5,49,4,196,[O]C1=C(C)CC/C1=N\C2=CC=C(C)C=C2,n-o-12
358,CO2-ethylene,0,0.0,25,9,2,4.5,49,4,196,C/C(C1=CC=CC=N1)=N\C2=C(C3=CC=CC=C3)C=CC=C2C(C4=CC=C(C)C=C4)C5=CC=C(C)C=C5,n-n-55
343,CO2-ethylene,3,0.1111111111111111,50,9,2,4.5,49,4,196,CC(/C(C)=N/C1=C(C(C)C)C=C([N+]([O-])=O)C=C1C(C)C)=N\C2=C(C(C)C)C=C([N+]([O-])=O)C=C2C(C)C,n-n-48
397,CO2-ethylene,3,0.11538461538461539,25,9,2,4.5,49,4,196,CC(C1=CC=CC(C(C)C)=C1N=P(C2=CC=CC=C2)(C3=CC=CC=C3)C4=CC=CC=C4P(C5=C(OC)C=CC=C5)C6=CC=CC=C6OC)C,p-n-30
241,CO2-ethylene,0,0.0,175,9,2,4.5,49,4,196,OC1=C(/N=C2N(C3=C(C(C)C)C=CC=C3C(C)C)C=CN\2C4=C(C(C)C)C=CC=C4C(C)C)C=CC=C1,n-o-78
76,CO2-ethylene,3,0.11538461538461539,25,9,2,4.5,49,4,196,[O]C1=C(/C([H])=N/C2=C(C(C)C)C=CC=C2C(C)C)C=CC=C1C3=CC4=CC=CC=C4C5=CC=CC=C53,n-o-4
363,CO2-ethylene,3,0.1111111111111111,50,9,2,4.5,49,4,196,[H]/C(C1=CC=CC=N1)=N\C2=C(C(C3=CC=C(C)C=C3)=CC=C4)C4=C(C(C5=CC=C([H])C=C5)C6=CC=C([H])C=C6)C=C2C(C7=CC=C([H])C=C7)C8=CC=C([H])C=C8,n-n-60
147,CO2-ethylene,3,0.11538461538461539,25,9,2,4.5,49,4,196,[O]C1=C(C)CC/C1=N\C2=C(C)C=C(C)C=C2C,n-o-10
239,CO2-ethylene,3,0.11538461538461539,25,9,2,4.5,49,4,196,O[N]1=C(/C=N/C2=C(C(C3=CC=C(C)C=C3)=CC=C4)C4=C(C(C5=CC=CC=C5)C6=CC=CC=C6)C=C2C(C7=CC=CC=C7)C8=CC=CC=C8)C=CC=C1,n-o-76
204,CO2-ethylene,3,0.11538461538461539,25,9,2,4.5,49,4,196,O=C1C(NC2=C(Cl)C=CC=C2Cl)=CC=CC=C1,n-o-45
150,CO2-ethylene,3,0.11538461538461539,25,9,2,4.5,49,4,196,O=C1C(C2=CC=CC=C2)=CC=CC=C1[N]C3=C(C(C)C)C=CC=C3C(C)C,n-o-13
346,CO2-ethylene,3,0.1111111111111111,50,9,2,4.5,49,4,196,CC(/C(C)=N/C1=C(C(C)C)C=C(C)C=C1C(C)C)=N\C2=C(C(C)C)C=C(C)C=C2C(C)C,n-n-51
201,CO2-ethylene,0,0.0,0,9,2,4.5,49,4,196,O=C1C(NC2=C(C(C)(C)C)C=CC=C2C(C)(C)C)=CC=CC=C1,n-o-42
114,CO2-ethylene,3,0.11538461538461539,25,9,2,4.5,49,4,196,C/C(C(C1=CC=CC=C1)C2=CC=CC=C2)=C(C(C(C3=CC=CC=C3)C4=CC=CC=C4)=C)/N=C5/C(C6=C7C5=CC=CC7=CC=C6)=N/C8=C(C(OC)=O)C=C([H])C=C8C(OC)=O,n-n-5
338,CO2-ethylene,3,0.1111111111111111,50,9,2,4.5,49,4,196,CC(C(C=CC=C1C(C)C)=C1/N=C(C2=C3C(C=C(OC)C=C34)=CC=C2)/C4=N/C5=C(C(C)C)C=CC=C5C(C)C)C,n-n-46
327,CO2-ethylene,0,0.0,25,9,2,4.5,49,4,196,CC(C=CC=C1C)=C1/N=C(CCCC2)/C2=N/C3=C(C)C=CC=C3C,n-n-40
145,CO2-ethylene,3,0.10344827586206896,100,9,2,4.5,49,4,196,O=C(C(C(C)(C)C)=C1)C(PC2=CC=CC=C2)=C(C3=CC=CC=C3C4=C(F)C=CC=C4F)C1=O,p-o-44
367,CO2-ethylene,0,0.0,25,9,2,4.5,49,4,196,FC(C=C1)=CC=C1C(C2=CC(C(C3=CC=C(F)C=C3)C4=CC=C(F)C=C4)=C5C(C(C6=CC=C(C)C=C6)=CC=C5)=C2/N=C(C)/C7=CC=CC=N7)C8=CC=C(F)C=C8,n-n-64
206,CO2-ethylene,3,0.11538461538461539,25,9,2,4.5,49,4,196,O=C1C(NC2=C(F)C(F)=C(F)C(F)=C2F)=CC=CC=C1,n-o-47
75,CO2-ethylene,3,0.11538461538461539,25,9,2,4.5,49,4,196,[O]C1=C(/C([H])=N/C2=C(C(C)C)C=CC=C2C(C)C)C=C([H])C=C1C3=CC=CC=C3,n-o-3
454,CO2-ethylene,3,0.11538461538461539,25,9,2,4.5,49,4,196,CC(/C(C)=N/C1=C(C2=CC=C(OC)C=C2)C=CC=C1C3=CC=C(OC)C=C3)=N\C4=C(C5=CC=C(OC)C=C5)C=CC=C4C6=CC=C(OC)C=C6,n-n-21
336,CO2-ethylene,3,0.11538461538461539,25,9,2,4.5,49,4,196,CC(C(C=CC=C1C(C)C)=C1/N=C(C2=C3C(C(OC)=CC=C34)=CC=C2)/C4=N/C5=C(C(C)C)C=CC=C5C(C)C)C,n-n-44
451,CO2-ethylene,3,0.11538461538461539,25,9,2,4.5,49,4,196,[O]/C(OC)=C1C=CC=CC/1=N\C2=C([H])C=CC=C2[H],n-o-18
177,CO2-ethylene,3,0.11538461538461539,25,9,2,4.5,49,4,196,[O]/C(C1=C(C2=CC=CC=C2)C=CC=C1)=C\C(C(F)(F)F)=N\C3=C(C(C)C)C=CC=C3C(C)C,n-o-28
307,CO2-ethylene,3,0.0967741935483871,150,9,2,4.5,49,4,196,CC(/C(C)=N/C1=C(C(C)C)C=CC=C1C(C)C)=N\C2=C(C(C)C)C=CC=C2C(C)C,n-n-25
314,CO2-ethylene,3,0.1,125,9,2,4.5,49,4,196,too long,n-n-28
226,CO2-ethylene,0,0.0,0,9,2,4.5,49,4,196,OC1=C(/C([H])=N/C2=C(C)C=C(CC=C)C=C2C)C=CC=C1C3=CC=CC=C3,n-o-67
426,CO2-ethylene,0,0.0,25,9,2,4.5,49,4,196,CCCCC(C=C1)=CC=C1/N=C2/C(C3=C4C(C=CC=C42)=CC=C3)=N/C5=CC=C(CCCC)C=C5,n-n-95
421,CO2-ethylene,0,0.0,25,9,2,4.5,49,4,196,C1(/N=C/C2(CCCC2)/C=N/C3CCCCC3)CCCCC1,n-n-90
73,CO2-ethylene,3,0.11538461538461539,25,9,2,4.5,49,4,196,[O]C1=C(/C([H])=N/C2=C(C(C)C)C=CC=C2C(C)C)C=C([H])C=C1[H],n-o-1
181,CO2-ethylene,3,0.11538461538461539,25,9,2,4.5,49,4,196,[O]C1=C(/C([H])=N/C2=C(C(C)C)C=CC=C2C(C)C)C=CC=C1C3=C(O)C=CC=C3,n-o-32
209,CO2-ethylene,3,0.11538461538461539,25,9,2,4.5,49,4,196,O[N]1=CC=CC=C1/C(C)=N/C2=CC=CC=C2,n-o-50
400,CO2-ethylene,0,0.0,75,9,2,4.5,49,4,196,CC(C(C=CC=C1C2=CC=C(C3=CC=CC=C3)C=C2)=C1O4)(C)C5=C4C(C6=CC(C(C)C)=C(/N=C(C7=C(C8=CC=C9)C9=CC=C7)/C8=N/C%10=C(C(C)C)C=C(C%11=C(OC(C(C%12=CC=C(C%13=CC=CC=C%13)C=C%12)=CC=C%14)=C%14C%15(C)C)C%15=CC=C%11)C=C%10C(C)C)C(C(C)C)=C6)=CC=C5,n-n-78
330,CO2-ethylene,0,0.0,25,9,2,4.5,49,4,196,O=C(C1=CC=CC=C1)CP(C(C)(C)C)C(C)(C)C,p-o-124
306,CO2-ethylene,3,0.11538461538461539,25,9,2,4.5,49,4,196,O=S(C1=CC=CC=C1P2N(C3=C(C4=CC=C(C)C=C4)C=CC=C3C5=CC=C(C)C=C5)CCN2C6=C(C7=CC=C(C)C=C7)C=CC=C6C8=CC=C(C)C=C8)(O)=O,p-o-118
416,CO2-ethylene,0,0.0,25,9,2,4.5,49,4,196,CC1=CC(C)=CC(C)=C1/N=C/C=N/C2=C(C)C=C(C)C=C2C,n-n-85
231,CO2-ethylene,3,0.11538461538461539,25,9,2,4.5,49,4,196,[O][N]1=C(/C=N/C2=C(C(C3=CC=CC4=C3C=CC=C4)C5=CC=CC6=C5C=CC=C6)C=C(C)C=C2C(C7=CC=CC8=C7C=CC=C8)C9=CC=CC%10=C9C=CC=C%10)C=CC=C1,n-o-73
197,CO2-ethylene,3,0.11538461538461539,25,9,2,4.5,49,4,196,O=C(C1=CC=CC=C12)C([N]C3=C(OC)C=CC=C3OC)=CC2=O,n-o-38
359,CO2-ethylene,3,0.1111111111111111,50,9,2,4.5,49,4,196,C/C(C1=CC=CC=N1)=N\C2=C(C3=CC=CC=C3)C=CC=C2C(C4=CC=C(F)C=C4)C5=CC=C(F)C=C5,n-n-56
146,CO2-ethylene,3,0.11538461538461539,25,9,2,4.5,49,4,196,[O]C1=C(C)CC/C1=N\C2=C(C(C)C)C=CC=C2C(C)C,n-o-8
78,CO2-ethylene,3,0.11538461538461539,25,9,2,4.5,49,4,196,[O]C1=C(/C([H])=N/C2=C(C(C)C)C=CC=C2C(C)C)C=C(OC)C=C1[H],n-o-6
10,CO2-ethylene,0,0.0,0,9,2,4.5,49,4,196,CC(C=C1C(C2=CC=CC=C2)C3=CC=CC=C3)=CC(C(C4=CC=CC=C4)C5=CC=CC=C5)=C1N6CN7C(C8=NC=CC(C(C)(C)C)=C8)=CC(C(C)(C)C)=CC7=C6,c-n-6
218,CO2-ethylene,3,0.1111111111111111,50,9,2,4.5,49,4,196,OC1=C(/C([H])=N/C2=C(C(C)C)C=CC=C2C(C)C)C=C(C)C=C1C3CCCCC3,n-o-59
212,CO2-ethylene,0,0.0,0,9,2,4.5,49,4,196,O[N]1=C(C2=CC=CC=C2)C=CC=C1/C=N/C3=CC=CC=C3,n-o-53
223,CO2-ethylene,3,0.11538461538461539,25,9,2,4.5,49,4,196,OC1=C(/C([H])=N/C2=C(C(C)C)C=CC=C2C(C)C)C=C(C(C)(C)C)C=C1C(C)(C)C,n-o-64
199,CO2-ethylene,3,0.11538461538461539,25,9,2,4.5,49,4,196,O=C1C(NC2=C(C)C=CC=C2C)=CC=CC=C1,n-o-40
318,CO2-ethylene,0,0.0,25,9,2,4.5,49,4,196,CC1=CC=CC(C)=C1/N=C/C=N/C2=C(C)C=CC=C2C,n-n-31
365,CO2-ethylene,3,0.1111111111111111,50,9,2,4.5,49,4,196,CC(C=C1)=CC=C1C2=CC=CC3=C(C(C4=CC=C(OC)C=C4)C5=CC=C(OC)C=C5)C=C(C(C6=CC=C(OC)C=C6)C7=CC=C(OC)C=C7)C(/N=C(C)/C8=CC=CC=N8)=C32,n-n-62
167,CO2-ethylene,3,0.11538461538461539,25,9,2,4.5,49,4,196,CC(C=[C@]1[C@]2=C(F)C=C(F)C=C2F)=C[C@]([C@]3=C(F)C=C(F)C=C3F)=C1/N=C(C4=C5C6=CC=CC5=CC=C4)/C6=N/C7=[C@]([C@]8=C(F)C=C(F)C=C8F)C=C(C)C=[C@]7[C@]9=C(F)C=C(F)C=C9F,n-n-18
222,CO2-ethylene,3,0.11538461538461539,25,9,2,4.5,49,4,196,OC(C(C(C)(C)C)=CC=C1)=C1/C=N/C2=C(C(C3=CC=CC=C3)C4=CC=CC=C4)C=C(C(C5=CC=CC=C5)C6=CC=CC=C6)C7=CC=CC(C8=CC=C(C(F)(F)F)C=C8)=C72,n-o-63
214,CO2-ethylene,3,0.11538461538461539,25,9,2,4.5,49,4,196,O[N]1=CC=C(OC)C=C1/C=N/C2=CC=CC=C2,n-o-55
165,CO2-ethylene,3,0.1111111111111111,50,9,2,4.5,49,4,196,CC(C=C1C2=CC(F)=CC(F)=C2)=CC(C3=CC(F)=CC(F)=C3)=C1/N=C(C4=C5C6=CC=CC5=CC=C4)/C6=N/C7=C(C8=CC(F)=CC(F)=C8)C=C(C)C=C7C9=CC(F)=CC(F)=C9,n-n-16
229,CO2-ethylene,3,0.11538461538461539,25,9,2,4.5,49,4,196,O=CC1=CC=CC=C1NC2=C(C(C)C)C=C(C(C)C)C=C2C(C)C,n-o-71
208,CO2-ethylene,3,0.11538461538461539,25,9,2,4.5,49,4,196,O=C1C(NC2=C(C(F)(F)F)C=CC=C2C(F)(F)F)=CC=CC=C1,n-o-49
450,CO2-ethylene,3,0.11538461538461539,25,9,2,4.5,49,4,196,O=C(N(C)P(C1=CC=CC=C1C2=C(OC)C=CC=C2OC)C3=CC=CC=C3)C4=CC=NC=C4,p-o-152
172,CO2-ethylene,3,0.11538461538461539,25,9,2,4.5,49,4,196,O=C(C(F)(F)F)C(C(C(F)(F)F)=O)/C(C)=N/C1=C(C)C=CC=C1C,n-o-23
256,CO2-ethylene,3,0.10714285714285714,75,9,2,4.5,49,4,196,OS(C1=CC=CC=C1P(C2=CC=CC=C2C3=C(OC)C=CC=C3OC)C4=CC=CC=C4C5=C(OC)C=CC=C5OC)(=O)=O,p-o-71
171,CO2-ethylene,3,0.11538461538461539,25,9,2,4.5,49,4,196,O=C(C(F)(F)F)C/C(C)=N/C1=C(C(C)C)C=CC=C1C(C)C,n-o-22
319,CO2-ethylene,0,0.0,25,9,2,4.5,49,4,196,CC(C(C=CC=C1)=C1/N=C/C=N/C2=CC=CC=C2C(C)(C)C)(C)C,n-n-32
115,CO2-ethylene,3,0.11538461538461539,25,9,2,4.5,49,4,196,CC(C)C1=CC=CC(C(C)C)=C1/N=C(C2=C3C4=CC=CC3=CC=C2)/C4=N/C5=C(C(C6=CC=CC=C6)C7=CC=CC=C7)C=CC=C5C(C8=CC=CC=C8)C9=CC=CC=C9,n-n-6
413,CO2-ethylene,0,0.0,25,9,2,4.5,49,4,196,CC(C1=CC=CC=C1/N=C/C2=NC=CC=C2)(C)C,n-n-82
368,CO2-ethylene,3,0.1111111111111111,50,9,2,4.5,49,4,196,C/C(C1=CC=CC=N1)=N\C2=C(C3C4=CC=CC=C4CCC5=C3C=CC=C5)C=C(C)C=C2C6C7=CC=CC=C7CCC8=C6C=CC=C8,n-n-65
112,CO2-ethylene,3,0.11538461538461539,25,9,2,4.5,49,4,196,[O]S(C1=CC=CC=C1P(C(C=CC=C2)=C2S(C3=CC=CC=C3)(=O)=O)C4=CC=CC=C4)(=O)=O,p-o-38
179,CO2-ethylene,3,0.11538461538461539,25,9,2,4.5,49,4,196,[O]C(C1=CC=CC=C1CC2)=C2/C=N/C3=C(C(C)C)C=CC=C3C(C)C,n-o-30
225,CO2-ethylene,3,0.11538461538461539,25,9,2,4.5,49,4,196,OC1=C(/C([H])=N/C2=C(C(C)C)C=C(CC=C)C=C2C(C)C)C=CC=C1C3=CC=CC=C3,n-o-66
74,CO2-ethylene,0,0.0,0,9,2,4.5,49,4,196,[O]C1=C(/C([H])=N/C2=C(C(C)C)C=CC=C2C(C)C)C=C([H])C=C1C(C)(C)C,n-o-2
308,CO2-ethylene,0,0.0,100,9,2,4.5,49,4,196,CC(C1=CC=CC(C(C)C)=C1/N=C/C=N/C2=C(C(C)C)C=CC=C2C(C)C)C,n-n-26
173,CO2-ethylene,0,0.0,0,9,2,4.5,49,4,196,[O]/C(C1=CC=CC=C1)=C\C=N\C2=C(C(C)C)C=CC=C2C(C)C,n-o-24
170,CO2-ethylene,3,0.11538461538461539,25,9,2,4.5,49,4,196,O=C(C(F)(F)F)C(C(C(F)(F)F)=O)/C(C)=N/C1=C(C(C)C)C=CC=C1C(C)C,n-o-21
196,CO2-ethylene,0,0.0,125,9,2,4.5,49,4,196,O=C(C1=CC=CC=C12)C([N]C3=C(C(C4=CC=CC=C4)C5=CC=CC=C5)C=C(C)C=C3C(C6=CC=CC=C6)C7=CC=CC=C7)=CC2=O,n-o-37
9,CO2-ethylene,0,0.0,0,9,2,4.5,49,4,196,CC(C=CC1=C2C=CC=C1)=C2N3CN4C(C5=NC=CC(C(C)(C)C)=C5)=CC(C(C)(C)C)=CC4=C3,c-n-5
148,CO2-ethylene,3,0.11538461538461539,25,9,2,4.5,49,4,196,[O]C1=C(C)CC/C1=N\C2=CC(C)=CC(C)=C2,n-o-11
399,CO2-ethylene,0,0.0,0,9,2,4.5,49,4,196,C/C(C(C)(C)NC1=C(C)C=CC=C1C)=N\C2=C(C)C=CC=C2C,n-n-77
113,CO2-ethylene,3,0.11538461538461539,25,9,2,4.5,49,4,196,[H]C(C=C1C)=CC(C)=C1/N=C(C2=C3C4=CC=CC3=CC=C2)/C4=N/C5=C(C(C6=CC=CC=C6)C7=CC=CC=C7)C=CC=C5C(C8=CC=CC=C8)C9=CC=CC=C9,n-n-4
141,CO2-ethylene,0,0.0,25,9,2,4.5,49,4,196,CC1=CC=CC(C)=C1/N=C/C2=NC(C3=C(C)C=CC=C3C)=CC=C2,n-n-11
453,CO2-ethylene,3,0.11538461538461539,25,9,2,4.5,49,4,196,CC(/C(C)=N/C1=C(C2=CC=CC=C2)C=CC=C1C3=CC=CC=C3)=N\C4=C(C5=CC=CC=C5)C=CC=C4C6=CC=CC=C6,n-n-20
364,CO2-ethylene,3,0.1111111111111111,50,9,2,4.5,49,4,196,[H]C(C=C1)=CC=C1C(C2=CC(C(C3=CC=C([H])C=C3)C4=CC=C([H])C=C4)=C5C(C(C6=CC=C(C)C=C6)=CC=C5)=C2/N=C(C)/C7=CC=CC=N7)C8=CC=C([H])C=C8,n-n-61
424,CO2-ethylene,0,0.0,25,9,2,4.5,49,4,196,CCCCC1=CC=C(/N=C/C2=NC=CC=C2)C=C1,n-n-93
366,CO2-ethylene,3,0.1111111111111111,50,9,2,4.5,49,4,196,CC(C=C1)=CC=C1C2=CC=CC3=C(C(C4=CC=C(C)C=C4)C5=CC=C(C)C=C5)C=C(C(C6=CC=C(C)C=C6)C7=CC=C(C)C=C7)C(/N=C(C)/C8=CC=CC=N8)=C32,n-n-63
176,CO2-ethylene,3,0.11538461538461539,25,9,2,4.5,49,4,196,[O]/C(C1=C(C2=CC=CC=C2)C=CC=C1)=C\C(C)=N\C3=C(C(C)C)C=CC=C3C(C)C,n-o-27
180,CO2-ethylene,3,0.11538461538461539,25,9,2,4.5,49,4,196,[O]C(C1=CC=CC=C1CCC2)=C2/C=N/C3=C(C(C)C)C=CC=C3C(C)C,n-o-31
356,CO2-ethylene,0,0.0,25,9,2,4.5,49,4,196,O=P(C1=CC=CC=C1)(C2=CC=CC=C2)N(C3=CC=C(C(F)(F)F)C=C3)P(C4=CC=CC=C4)C5=CC=CC=C5C6=C(OC)C=CC=C6OC,p-o-134
195,CO2-ethylene,0,0.0,25,9,2,4.5,49,4,196,[O]C1=C([Si](C)(C)C)C=CC=C1P(C2=C(OC)C=CC=C2OC)C3=C(OC)C=CC=C3OC,p-o-62
334,CO2-ethylene,3,0.11538461538461539,25,9,2,4.5,49,4,196,CC(/C(C)=N/C1=C(C(C2=CC=CC=C2)C3=CC=CC=C3)C=C(C(F)(F)F)C=C1C(C4=CC=CC=C4)C5=CC=CC=C5)=N\C6=C(C(C7=CC=CC=C7)C8=CC=CC=C8)C=C(C(F)(F)F)C=C6C(C9=CC=CC=C9)C%10=CC=CC=C%10,n-n-107
369,CO2-ethylene,3,0.10714285714285714,75,9,2,4.5,49,4,196,C/C(C1=CC=CC=N1)=N\C2=C(C(C3=CC=C(C)C=C3)=CC=C4)C4=C(C5C6=CC=CC=C6CCC7=C5C=CC=C7)C=C2C8C9=CC=CC=C9CCC%10=C8C=CC=C%10,n-n-66
398,CO2-ethylene,3,0.11538461538461539,25,9,2,4.5,49,4,196,C/C(C(C)(C)NC1=C(C(C)C)C=CC=C1C(C)C)=N\C2=C(C(C)C)C=CC=C2C(C)C,n-n-76
345,CO2-ethylene,3,0.1111111111111111,50,9,2,4.5,49,4,196,CC(/C(C)=N/C1=C(C(C)C)C=C(Cl)C=C1C(C)C)=N\C2=C(C(C)C)C=C(Cl)C=C2C(C)C,n-n-50
377,CO2-ethylene,0,0.0,0,9,2,4.5,49,4,196,OS(C1=CC=CC2=CN(C3=CC=C(C(C)(C)C)C=C3)CN21)(=O)=O,c-o-13
140,CO2-ethylene,0,0.0,25,9,2,4.5,49,4,196,C/C(C1=NC(C2=C(C)C=CC=C2C)=CC=C1)=N\C3=C(C(C)C)C=CC=C3C(C)C,n-n-10
328,CO2-ethylene,0,0.0,0,9,2,4.5,49,4,196,CC(C(C=CC=C1C(C)C)=C1/N=C(CCCC2)/C2=N/C3=C(C(C)C)C=CC=C3C(C)C)C,n-n-41
116,CO2-ethylene,3,0.11538461538461539,25,9,2,4.5,49,4,196,CC1=CC(C)=CC(C)=C1/N=C(C2=C3C4=CC=CC3=CC=C2)/C4=N/C5=C(C(C6=CC=CC=C6)C7=CC=CC=C7)C=CC=C5C(C8=CC=CC=C8)C9=CC=CC=C9,n-n-7
379,CO2-ethylene,3,0.1111111111111111,50,9,2,4.5,49,4,196,CC(C=C(C)C=C1C(C2=CC=CC=C2)C3=CC=CC=C3)=C1/N=C(C)/C(C)=N/C4=C(C)C=C(C)C=C4C(C5=CC=CC=C5)C6=CC=CC=C6,n-n-72
210,CO2-ethylene,3,0.11538461538461539,25,9,2,4.5,49,4,196,O[N]1=CC=CC=C1/C=N/C2=CC=CC=C2,n-o-51
380,CO2-ethylene,0,0.0,25,9,2,4.5,49,4,196,CC(C=C(Cl)C=C1C(C2=CC=CC=C2)C3=CC=CC=C3)=C1/N=C(C)/C(C)=N/C4=C(C)C=C(Cl)C=C4C(C5=CC=CC=C5)C6=CC=CC=C6,n-n-73
325,CO2-ethylene,0,0.0,50,9,2,4.5,49,4,196,CC(C(C=CC=C1)=C1/N=C(C2=C3C(C=CC=C34)=CC=C2)/C4=N/C5=CC=CC=C5C(C)(C)C)(C)C,n-n-38
129,CO2-ethylene,3,0.11538461538461539,25,9,2,4.5,49,4,196,C/C1=C(C)\C[P@](C2=C(C)C=C(C)C=C2C)C/C(C)=C(C)\C[P@](CC3=CC=CC=C3)C1,p-p-28
142,CO2-ethylene,0,0.0,25,9,2,4.5,49,4,196,[H]/C(C1=NC(C)=CC=C1)=N\C2=C(C(C)C)C=CC=C2C(C)C,n-n-12
434,CO2-ethylene,0,0.0,25,9,2,4.5,49,4,196,CC(C)C1=CC=CC(C(C)C)=C1N(C=C2)CN2C3=CC=CC=N3,c-n-10
178,CO2-ethylene,3,0.11538461538461539,25,9,2,4.5,49,4,196,[O]C(C1=CC=CC=C1C2)=C2/C=N/C3=C(C(C)C)C=CC=C3C(C)C,n-o-29
207,CO2-ethylene,3,0.11538461538461539,25,9,2,4.5,49,4,196,O=C1C(NC2=CC=CC=C2C)=CC=CC=C1,n-o-48
139,CO2-ethylene,3,0.1111111111111111,50,9,2,4.5,49,4,196,O=[P](C1=C(OCCOC)C=CC=C1)C2=CC=CC=C2P(C3=C(OC)C=CC=C3)C4=CC=CC=C4OC,p-o-42
415,CO2-ethylene,0,0.0,25,9,2,4.5,49,4,196,C1(C2=C3C=CC=N2)=C(C=C3)C=CC=N1,n-n-84
60,CO2-ethylene,0,0.0,0,9,2,4.5,49,4,196,CCCN1C=C(C2=CC=CC=C2)N([C@H]3[C@H](NP(C4=CC=CC=C4)C5=CC=CC=C5)CCCC3)C1,p-c-25
342,CO2-ethylene,3,0.1111111111111111,50,9,2,4.5,49,4,196,OS(C1=CC(C)=CC=C1CP(C2=CC=CC=C2)C3=C(C4=C(OC)C=CC=C4OC)C=CC=C3)(=O)=O,p-o-127
313,CO2-ethylene,0,0.0,25,9,2,4.5,49,4,196,OS(C1=C(C2=C(F)C(F)=C(F)C(F)=C2F)C=CC=C1P([C@@H]3C[C@H](C)CC[C@H]3C(C)C)[C@@H]4C[C@H](C)CC[C@H]4C(C)C)(=O)=O,p-o-122
237,CO2-ethylene,3,0.11538461538461539,25,9,2,4.5,49,4,196,FC1=C(F)C(F)=C(F)C(C(P(C2=CC=CC=C2)C3=CC=CC=C3C4=C(OC)C=CC=C4OC)C5=NC=CC=C5)=C1F,p-n-13
317,CO2-ethylene,0,0.0,25,9,2,4.5,49,4,196,CC(C=C(C)C=C1)=C1/N=C/C=N/C2=CC=C(C)C=C2C,n-n-30
344,CO2-ethylene,3,0.1111111111111111,50,9,2,4.5,49,4,196,CC(/C(C)=N/C1=C(C(C)C)C=C(C(F)(F)F)C=C1C(C)C)=N\C2=C(C(C)C)C=C(C(F)(F)F)C=C2C(C)C,n-n-49
423,CO2-ethylene,0,0.0,25,9,2,4.5,49,4,196,CC1=C(NCCNC2=C(C)C=C(C)C=C2C)C(C)=CC(C)=C1,n-n-92
257,CO2-ethylene,0,0.0,50,9,2,4.5,49,4,196,OC1=CC=CC2=C1C3=[N](C(C4=CC=CC=C4)=C2)C(C5=CC=CC=C5)[N](C6=C(C(C)C)C=CC=C6C(C)C)=C3,c-o-7
160,CO2-ethylene,0,0.0,0,9,2,4.5,49,4,196,[O]/C(C)=C(CC(OC)=O)\P(C1=CC=CC=C1)C2=CC=CC=C2,p-o-52
162,CO2-ethylene,3,0.11538461538461539,25,9,2,4.5,49,4,196,[O]C1=C(/C([H])=N/C2=C(C(C)C)C=CC=C2C(C)C)C=C(C(C)(C)C)C=C1C(OC)(C3=CC=CC=C3)C4=CC=CC=C4,n-o-17
275,CO2-ethylene,3,0.11538461538461539,25,9,2,4.5,49,4,196,O=P(C1=CC=CC=C1)(C2=CC=CC=C2)C3=CC=CC=C3P(C(C)C)C(C)C,p-o-84
151,CO2-ethylene,3,0.11538461538461539,25,9,2,4.5,49,4,196,O=C1C(C2=CC=C(OC)C=C2)=CC=CC=C1[N]C3=C(C(C)C)C=CC=C3C(C)C,n-o-14
316,CO2-ethylene,0,0.0,25,9,2,4.5,49,4,196,OS(C1=CC=CC=C1P(C(C)(C)C)C2=C(OC)C=C(OC)C=C2OC)(=O)=O,p-o-123
337,CO2-ethylene,3,0.1111111111111111,50,9,2,4.5,49,4,196,CC(C(C=CC=C1C(C)C)=C1/N=C(C2=C3C(C(OC)=CC=C34)=C(OC)C=C2)/C4=N/C5=C(C(C)C)C=CC=C5C(C)C)C,n-n-45
417,CO2-ethylene,0,0.0,25,9,2,4.5,49,4,196,CC1=CC(C)=CC(C)=C1/N=C(C)/C(C)=N/C2=C(C)C=C(C)C=C2C,n-n-86
174,CO2-ethylene,3,0.11538461538461539,25,9,2,4.5,49,4,196,[O]/C(C1=C(C2=CC=CC=C2)C=CC=C1)=C\C=N\C3=C(C(C)C)C=CC=C3C(C)C,n-o-25
240,CO2-ethylene,0,0.0,200,9,2,4.5,49,4,196,OC1=C(/N=C2N(C3=C(C)C=C(C)C=C3C)C=CN\2C4=C(C)C=C(C)C=C4C)C=CC=C1,n-o-77
238,CO2-ethylene,3,0.11538461538461539,25,9,2,4.5,49,4,196,O[N]1=C(/C=N/C2=C(C(C3=CC=CC=C3)C4=CC=CC=C4)C=C(C)C=C2C(C5=CC=CC=C5)C6=CC=CC=C6)C=CC=C1C7=CC=CC=C7,n-o-75
175,CO2-ethylene,3,0.11538461538461539,25,9,2,4.5,49,4,196,[O]/C(C1=C(C2=CC=CC3=C2C=CC=C3)C=CC=C1)=C\C=N\C4=C(C(C)C)C=CC=C4C(C)C,n-o-26
202,CO2-ethylene,3,0.11538461538461539,25,9,2,4.5,49,4,196,O=C1C(NC2=C(C(C)(C)C)C=CC=C2C)=CC=CC=C1,n-o-43
215,CO2-ethylene,3,0.11538461538461539,25,9,2,4.5,49,4,196,OC1=C(/C([H])=N/C2=C(C(C)C)C=CC=C2C(C)C)C=CC=C1C3=C([N+]([O-])=O)C=CC=C3,n-o-56
326,CO2-ethylene,0,0.0,25,9,2,4.5,49,4,196,CC(C=C(C)C=C1)=C1/N=C(CCCC2)/C2=N/C3=CC=C(C)C=C3C,n-n-39
378,CO2-ethylene,3,0.11538461538461539,25,9,2,4.5,49,4,196,CC(C=C(OC)C=C1C(C2=CC=CC=C2)C3=CC=CC=C3)=C1/N=C(C)/C(C)=N/C4=C(C)C=C(OC)C=C4C(C5=CC=CC=C5)C6=CC=CC=C6,n-n-71
321,CO2-ethylene,0,0.0,25,9,2,4.5,49,4,196,CC1=CC=CC(C)=C1/N=C(C)/C(C)=N/C2=C(C)C=CC=C2C,n-n-34
198,CO2-ethylene,3,0.1,125,9,2,4.5,49,4,196,O=C(C1=CC=CC=C12)C([N]C3=C(C(C)C)C=CC=C3C(C)C)=CC2=O,n-o-39
347,CO2-ethylene,0,0.0,25,9,2,4.5,49,4,196,CC(/C(C)=N/C1=C(C(C)C)C=C(OC)C=C1C(C)C)=N\C2=C(C(C)C)C=C(OC)C=C2C(C)C,n-n-52
164,CO2-ethylene,3,0.1111111111111111,50,9,2,4.5,49,4,196,CC(C=C1C2=CC=C(F)C=C2)=CC(C3=CC=C(F)C=C3)=C1/N=C(C4=C5C6=CC=CC5=CC=C4)/C6=N/C7=C(C8=CC=C(F)C=C8)C=C(C)C=C7C9=CC=C(F)C=C9,n-n-15
335,CO2-ethylene,3,0.1111111111111111,50,9,2,4.5,49,4,196,CC1=CC(C(/C2=N/C3=C(C(C)C)C=CC=C3C(C)C)=N\C4=C(C(C)C)C=CC=C4C(C)C)=C5C(C=C(C)C=C52)=C1,n-n-43
420,CO2-ethylene,0,0.0,50,9,2,4.5,49,4,196,CC(C=CC=C1C)=C1/N=C/C2(CCCC2)/C=N/C3=C(C)C=CC=C3C,n-n-89
324,CO2-ethylene,0,0.0,25,9,2,4.5,49,4,196,CC(C=CC=C1C)=C1/N=C(C2=C3C(C=CC=C34)=CC=C2)/C4=N/C5=C(C)C=CC=C5C,n-n-37
401,CO2-ethylene,0,0.0,25,9,2,4.5,49,4,196,CC(C(C=CC=C1C2=CC=C(C(F)(F)F)C=C2)=C1O3)(C)C4=C3C(C5=CC(C(C)C)=C(/N=C(C6=C(C7=CC=C8)C8=CC=C6)/C7=N/C9=C(C(C)C)C=C(C%10=C(OC(C(C%11=CC=C(C(F)(F)F)C=C%11)=CC=C%12)=C%12C%13(C)C)C%13=CC=C%10)C=C9C(C)C)C(C(C)C)=C5)=CC=C4,n-n-79
360,CO2-ethylene,3,0.11538461538461539,25,9,2,4.5,49,4,196,C/C(C1=CC=CC=N1)=N\C2=C(C3=CC=CC=C3)C=CC=C2C(C4=CC=C(Cl)C=C4)C5=CC=C(Cl)C=C5,n-n-57
221,CO2-ethylene,3,0.11538461538461539,25,9,2,4.5,49,4,196,OC(C(C(C)(C)C)=CC=C1)=C1/C=N/C2=C(C(C3=CC=CC=C3)C4=CC=CC=C4)C=C(C(C5=CC=CC=C5)C6=CC=CC=C6)C7=CC=CC(C8=CC=CC=C8)=C72,n-o-62
200,CO2-ethylene,3,0.11538461538461539,25,9,2,4.5,49,4,196,O=C1C(NC2=C(C(C)C)C=CC=C2C(C)C)=CC=CC=C1,n-o-41
381,CO2-ethylene,3,0.1111111111111111,50,9,2,4.5,49,4,196,CC(C=C([N+]([O-])=O)C=C1C(C2=CC=CC=C2)C3=CC=CC=C3)=C1/N=C(C)/C(C)=N/C4=C(C)C=C([N+]([O-])=O)C=C4C(C5=CC=CC=C5)C6=CC=CC=C6,n-n-74
227,CO2-ethylene,3,0.11538461538461539,25,9,2,4.5,49,4,196,OC1=C(/C([H])=N/C2=C(C(C)C)C=C(CC=C)C=C2C(C)C)C=C([N+]([O-])=O)C=C1[N+]([O-])=O,n-o-68
435,CO2-ethylene,0,0.0,25,9,2,4.5,49,4,196,CC(C=CC=C1C)=C1/N=C2C(C3=C4C=CC=C3)C(C=CC=C5)=C5C4C/2=N/C6=C(C)C=CC=C6C,n-n-100
412,CO2-ethylene,3,0.11538461538461539,25,9,2,4.5,49,4,196,O=P(N(CC)CC)(C1=CC=CC=C1)C2=CC=CC=C2P(C3=CC=CC=C3)C4=CC=CC=C4,p-o-97
203,CO2-ethylene,3,0.11538461538461539,25,9,2,4.5,49,4,196,O=C1C(NC2=C(C3=CC=CC=C3)C=CC=C2C4=CC=CC=C4)=CC=CC=C1,n-o-44
429,CO2-ethylene,3,0.11538461538461539,25,9,2,4.5,49,4,196,CC(C)C(C=CC=C1C(C)C)=C1/N=C/C/C=N/C2=C(C(C)C)C=CC=C2C(C)C,n-n-98
77,CO2-ethylene,3,0.11538461538461539,25,9,2,4.5,49,4,196,[O]C1=C(/C([H])=N/C2=C(C(C)C)C=CC=C2C(C)C)C=CC=C1C3=C4C=CC=CC4=CC5=CC=CC=C35,n-o-5
323,CO2-ethylene,0,0.0,25,9,2,4.5,49,4,196,CC(C=C(C)C=C1)=C1/N=C(C2=C3C(C=CC=C34)=CC=C2)/C4=N/C5=CC=C(C)C=C5C,n-n-36
33,CO2-ethylene,0,0.0,0,19,2,9.5,43,4,172,CC(P(CCCCP(C(C)C)C(C)C)C(C)C)C,p-p-12
53,CO2-ethylene,0,0.0,25,19,2,9.5,43,4,172,C1(P(C2=CC=CC=C2)C3=CC=CC=C3)=CC=CC=C1N4CN(C5=CC=CC=C5)C=C4,p-c-18
30,CO2-ethylene,0,0.0,0,19,2,9.5,43,4,172,C[P@](C(C)(C)C)C1=NC2=CC=CC=C2N=C1[P@](C)C(C)(C)C,p-p-9
59,CO2-ethylene,0,0.0,25,19,2,9.5,43,4,172,CC1=CC(C)=CC(C)=C1P(C2=C(C)C=C(C)C=C2C)N[C@H](CCCC3)[C@@H]3N4CN(C(C5=CC=CC=C5)C6=CC=CC=C6)C=C4C7=CC=CC=C7,p-c-24
481,CO2-ethylene,3,0.1111111111111111,50,19,2,9.5,43,4,172,CC1(C)C2=CC=CC(P(C3=CC=CC=C3)C4=CC=CC=C4)=C2OC5=C1C=CC=C5P(C6=CC=CC=C6)C7=CC=CC=C7,p-p-36
120,CO2-ethylene,0,0.0,0,19,2,9.5,43,4,172,CC(C1=CC=CC(C(C)C)=C1/N=C/C2=CC=CC=C2P(C3=CC=CC=C3)C4=CC=CC=C4)C,p-n-3
58,CO2-ethylene,0,0.0,25,19,2,9.5,43,4,172,N1(C(C2=CC=CC=C2)C3=CC=CC=C3)C=C(C4=CC=CC=C4)N([C@H]5[C@H](NP(C6=CC=CC=C6)C7=CC=CC=C7)CCCC5)C1,p-c-23
432,CO2-ethylene,0,0.0,25,19,2,9.5,43,4,172,CC(C)C1=CC=CC(C(C)C)=C1N(C=C2)CN2CC3=CC=CC=C3P(C4=CC=CC=C4)C5=CC=CC=C5,p-c-30
48,CO2-ethylene,2,0.07692307692307693,25,19,2,9.5,43,4,172,COC(C=C1)=CC=C1[P]CCC[P]C2=CC=C(OC)C=C2,p-p-22
128,CO2-ethylene,0,0.0,0,19,2,9.5,43,4,172,C/C1=C(C)\C[P@](C2=CC=CC=C2)C/C(C)=C(C)\C[P@](CC3=CC=CC=C3)C1,p-p-27
126,CO2-ethylene,3,0.11538461538461539,25,19,2,9.5,43,4,172,C/C1=C(C)\C[P@](C2CCCCC2)C/C(C)=C(C)\C[P@](CCCC)C1,p-p-25
18,CO2-ethylene,0,0.0,25,19,2,9.5,43,4,172,CC1=CC(C)=CC(C)=C1N(C2)C=CN2CCCP(C3=CC=CC=C3)C4=CC=CC=C4,p-c-5
55,CO2-ethylene,0,0.0,25,19,2,9.5,43,4,172,CC(C)C1=CC=CC(C(C)C)=C1N(C=C2)CN2C3=CC=CC=C3P(C4=CC=CC=C4)C5=CC=CC=C5,p-c-20
124,CO2-ethylene,3,0.10344827586206896,100,19,2,9.5,43,4,172,[O]C1=CC=CC2=C1N3C(C=C2)=CN(C4=C(C(C5=CC(C(C)(C)C)=CC(C(C)(C)C)=C5)C6=CC(C(C)(C)C)=CC(C(C)(C)C)=C6)C=C(C)C=C4C(C7=CC(C(C)(C)C)=CC(C(C)(C)C)=C7)C8=CC(C(C)(C)C)=CC(C(C)(C)C)=C8)C3,c-o-3
21,CO2-ethylene,0,0.0,25,19,2,9.5,43,4,172,FC(C=C1)=CC=C1CN(C2)C=CN2CCCP(C3=CC=CC=C3)C4=CC=CC=C4,p-c-8
54,CO2-ethylene,0,0.0,25,19,2,9.5,43,4,172,CC1=CC(C)=CC(C)=C1N(C=C2)CN2C3=CC=CC=C3P(C4=CC=CC=C4)C5=CC=CC=C5,p-c-19
430,CO2-ethylene,0,0.0,0,19,2,9.5,43,4,172,CCN(CCN(C1=CC=CC=C1)CC)C2=CC=CC=C2,n-n-99
19,CO2-ethylene,0,0.0,25,19,2,9.5,43,4,172,C=CC1=C(C)C(CN(C2)C=CN2CCCP(C3=CC=CC=C3)C4=CC=CC=C4)=CC=C1,p-c-6
409,CO2-ethylene,3,0.09375,175,19,2,9.5,43,4,172,OS(C1=CC=CC=C1P(C2=C(OCCCCCCC)C=CC=C2)C3=C(OCCCCCCC)C=CC=C3)(=O)=O,p-o-140
41,CO2-ethylene,3,0.09090909090909091,200,19,2,9.5,43,4,172,COC(C=CC=C1OC)=C1C2=CC=CC=C2P(C3=CC=CC=C3)C4=CC=CC=C4S(=O)([O])=O,p-o-5
479,CO2-ethylene,7,0.21875,175,19,2,9.5,43,4,172,C12=CC=CC=C1C=CC(P(C3=CC=CC=C3)C4=CC=CC=C4)=C2C5=C(P(C6=CC=CC=C6)C7=CC=CC=C7)C=CC8=CC=CC=C58,p-p-34
56,CO2-ethylene,0,0.0,0,19,2,9.5,43,4,172,CC(N1C=C(C2=CC=CC=C2)N([C@H]3[C@H](NP(C4=CC=CC=C4)C5=CC=CC=C5)CCCC3)C1)C,p-c-21
478,CO2-ethylene,9,0.28125,175,19,2,9.5,43,4,172,dppf,p-p-33
125,CO2-ethylene,3,0.11538461538461539,25,19,2,9.5,43,4,172,C/C1=C(C)\C[P@](C2CCCCC2)C/C(C)=C(C)\C[P@](C)C1,p-p-24
476,CO2-ethylene,7,0.22580645161290322,150,19,2,9.5,43,4,172,[][Fe][].CC(P(c1cccc1)C(C)(C)C)(C)C.CC(P(c2cccc2)C(C)(C)C)(C)C,p-p-31
476,CO2-ethylene,7,0.22580645161290322,150,19,2,9.5,43,4,172,dtbpf,p-p-31
431,CO2-ethylene,0,0.0,25,19,2,9.5,43,4,172,CC(C)C1=CC=CC(C(C)C)=C1N(C=C2)CN2CP(C3=CC=CC=C3)C4=CC=CC=C4,p-c-29
20,CO2-ethylene,0,0.0,0,19,2,9.5,43,4,172,N1(C=CN(CC2=CC=CC=C2)C1)CCCP(C3=CC=CC=C3)C4=CC=CC=C4,p-c-7
22,CO2-ethylene,0,0.0,25,19,2,9.5,43,4,172,COC1=CC(CN(C2)C=CN2CCCP(C3=CC=CC=C3)C4=CC=CC=C4)=CC=C1,p-c-9
47,CO2-ethylene,2,0.07692307692307693,25,19,2,9.5,43,4,172,COC1=CC=CC([P]CCC[P]C2=CC=CC(OC)=C2)=C1,p-p-21
29,CO2-ethylene,0,0.0,0,19,2,9.5,43,4,172,[H][C@@]1([C@]2([H])[P@@](C(C)(C)C)CCC2)[P@@](C(C)(C)C)CCC1,p-p-8
57,CO2-ethylene,0,0.0,25,19,2,9.5,43,4,172,CC(N1C=C(C2=CC=CC=C2)N([C@H]3[C@H](NP(C4=C(C)C=C(C)C=C4C)C5=C(C)C=C(C)C=C5C)CCCC3)C1)C,p-c-22
477,CO2-ethylene,0,0.0,100,19,2,9.5,43,4,172,dcypf,p-p-32
498,CO2-ethylene,0,0.0,25,19,2,9.5,43,4,172,COC1=CC=NC(C2=NC=CC(OC)=C2)=C1,n-n-109
480,CO2-ethylene,2,0.06896551724137931,100,19,2,9.5,43,4,172,dippf,p-p-35
42,CO2-ethylene,2,0.07692307692307693,25,19,2,9.5,43,4,172,COC1=CC=CC=C1[P]CC[P]C2=CC=CC=C2OC,p-p-16
46,CO2-ethylene,0,0.0,0,19,2,9.5,43,4,172,CC1=CC=CC([P]CC[P]C2=CC(C)=CC=C2)=C1,p-p-20
482,CO2-ethylene,8,0.2857142857142857,75,19,2,9.5,43,4,172,C1(P(C2=CC=CC=C2)C3=CC=CC=C3)=CC=CC=C1P(C4=CC=CC=C4)C5=CC=CC=C5,p-p-37
473,CO2-ethylene,0,0.0,25,19,2,9.5,43,4,172,O=S(C1=CC=CC=C1P(C2=CC=CC=C2)C3CCCCC3)([O])=O,p-o-170
499,CO2-ethylene,0,0.0,25,19,2,9.5,43,4,172,C1(N2CCOCC2)=CC=NC(C3=NC=CC(N4CCOCC4)=C3)=C1,n-n-110
127,CO2-ethylene,3,0.11538461538461539,25,19,2,9.5,43,4,172,C/C1=C(C)\C[P@](C2CCCCC2)C/C(C)=C(C)\C[P@](CC3=CC=CC=C3)C1,p-p-26
17,CO2-ethylene,0,0.0,0,19,2,9.5,43,4,172,CC1=C(C)N(C2=C(C)C=C(C)C=C2C)CN1CP(C3CCCCC3)C4CCCCC4,p-c-4
43,CO2-ethylene,2,0.07692307692307693,25,19,2,9.5,43,4,172,COC1=CC=CC=C1[P]CCC[P]C2=C(OC)C=CC=C2,p-p-17
490,CO2-ethylene,0,0.0,25,2,2,1.0,39,4,156,C1(C2=C(P(C3=CC=CC=C3)C4=CC=CC5=C4C=CC=C5)C=CC=C2)=NCCO1,p-n-36
194,CO2-ethylene,0,0.0,0,2,2,1.0,39,4,156,[O]C1=C(C2=C3C=CC=CC3=CC4=CC=CC=C24)C=CC=C1P(C5=C(OC)C=CC=C5OC)C6=C(OC)C=CC=C6OC,p-o-61
433,CO2-ethylene,0,0.0,25,2,2,1.0,39,4,156,CN(C)C1=CC=CC=C1N(C=C2)CN2CC3=CC=CC=C3P(C4=CC=CC=C4)C5=CC=CC=C5,p-c-31
190,CO2-ethylene,0,0.0,0,2,2,1.0,39,4,156,OC1=C(C2=C(F)C(F)=C(F)C(F)=C2F)C=CC=C1P(C3=C(OC)C=CC=C3OC)C4=C(OC)C=CC=C4OC5=CC=CC=C5,p-o-57
154,CO2-ethylene,3,0.11538461538461539,25,2,2,1.0,39,4,156,[O]/C(C(F)(F)F)=C(CC(OC)=O)\P(C1=CC=CC=C1)C2=CC=CC=C2,p-o-46
396,CO2-ethylene,3,0.11538461538461539,25,2,2,1.0,39,4,156,CC1=CC(C)=CC(C)=C1N=P(C2=CC=CC=C2)(C3=CC=CC=C3)C4=CC=CC=C4P(C5=C(OC)C=CC=C5)C6=CC=CC=C6OC,p-n-29
193,CO2-ethylene,0,0.0,25,2,2,1.0,39,4,156,OC1=C(C2=C(F)C(F)=C(F)C(F)=C2F)C=CC=C1P(C3=C(OC4=CC=CC=C4)C=CC=C3OC5=CC=CC=C5)C6=C(OC7=CC=CC=C7)C=CC=C6OC,p-o-60
446,CO2-ethylene,0,0.0,25,2,2,1.0,39,4,156,O=C(N(CC1=CC=CC=C1)P(C2=CC=CC=C2C3=C(OC)C=CC=C3OC)C4=CC=CC=C4)C5=CC=CC=C5,p-o-148
467,CO2-ethylene,0,0.0,25,2,2,1.0,39,4,156,O=P(C1=CC=CC=C1)(C2=CC=CC=C2)N(C3=CC=C(N(C)C)C=C3)P(C4=C(OC)C=CC=C4OC)C5=C(OC)C=CC=C5OC,p-o-164
438,CO2-ethylene,0,0.0,0,2,2,1.0,39,4,156,ClC(C=C1)=CC=C1/N=C2C3C4=C(C=CC=C4)C(C5=C3C=CC=C5)C/2=N/C6=CC=C(Cl)C=C6,n-n-103
107,CO2-ethylene,3,0.1111111111111111,50,2,2,1.0,39,4,156,[O]C1=C(P(C2=CC=CC=C2)C3=CC=CC=C3)C=CC=C1C4=CC=CC=C4,p-o-33
191,CO2-ethylene,0,0.0,25,2,2,1.0,39,4,156,OC1=C(C2=C(F)C(F)=C(F)C(F)=C2F)C=CC=C1P(C3=C(OC)C=CC=C3OC4=CC=CC=C4)C5=C(OC)C=CC=C5OC6=CC=CC=C6,p-o-58
144,CO2-ethylene,0,0.0,50,2,2,1.0,39,4,156,O=C(C(C(C)(C)C)=C1)C(PC2=CC=CC=C2)=C(C3=CC=CC=C3C4=C(OC)C=CC=C4OC)C1=O,p-o-43
236,CO2-ethylene,0,0.0,0,2,2,1.0,39,4,156,FC1=C(F)C(F)=C(F)C(C(P(C2=CC=CC=C2)C3=CC=CC=C3C4=C(OC)C=CC=C4OC)C5=NC=CC=C5)=C1F,p-n-12
122,CO2-ethylene,0,0.0,300,2,2,1.0,39,4,156,[O]C1=CC=CC2=C1N3C(C=C2)=CN(C4=C(C(C)C)C=C([H])C=C4C(C)C)C3,c-o-1
157,CO2-ethylene,0,0.0,0,2,2,1.0,39,4,156,[O]/C(C1=C(F)C(F)=C(F)C(F)=C1F)=C(C(OC(C)(C)C)=O)\P(C2=CC=CC=C2)C3=CC=CC=C3,p-o-49
143,CO2-ethylene,0,0.0,25,2,2,1.0,39,4,156,C/C(C1=NC(C)=CC=C1)=N\C2=C(C(C)C)C=CC=C2C(C)C,n-n-13
494,CO2-ethylene,0,0.0,25,2,2,1.0,39,4,156,CC1=C(OC)C(C)=CC(P(C2=CC(C)=C(OC)C(C)=C2)C(C=CC=C3)=C3C4=N[C@@H](CC5=CC=CC=C5)CO4)=C1,p-n-40
102,CO2-ethylene,3,0.11538461538461539,25,2,2,1.0,39,4,156,[O]C1=C(P(C2=CC=CC=C2)C3=CC=CC=C3)C=CC4=C1C([H])=CC=C4,p-o-28
187,CO2-ethylene,3,0.0967741935483871,150,2,2,1.0,39,4,156,O=S(C1=CC=CC=C1P(C2CCCCC2)C3CCCCC3)([O])=O,p-o-54
156,CO2-ethylene,0,0.0,0,2,2,1.0,39,4,156,[O]/C(C1=C(C(F)=C(C(F)=C1F)F)F)=C(CC(OC)=O)\P(C2=CC=CC=C2)C3=CC=CC=C3,p-o-48
447,CO2-ethylene,3,0.1111111111111111,50,2,2,1.0,39,4,156,O=C(N(C)P(C1=CC=CC=C1C2=C(OC)C=CC=C2OC)C3=CC=CC=C3)C(C)C,p-o-149
329,CO2-ethylene,0,0.0,25,2,2,1.0,39,4,156,CC(C(C=CC=C1)=C1/N=C(CCCC2)/C2=N/C3=CC=CC=C3C(C)(C)C)(C)C,n-n-42
405,CO2-ethylene,3,0.11538461538461539,25,2,2,1.0,39,4,156,CC(/C(OP(C(C)C)C(C)C)=N\C1=C(C(C)C)C=CC=C1C(C)C)(C)C,p-n-32
390,CO2-ethylene,3,0.11538461538461539,25,2,2,1.0,39,4,156,CC1=CC(C)=CC(C)=C1C2=NC(CP(C3=C(C)C=C(C)C=C3C)C4=C(C)C=C(C)C=C4C)=CC=C2,p-n-26
192,CO2-ethylene,0,0.0,25,2,2,1.0,39,4,156,OC1=C(C2=C(F)C(F)=C(F)C(F)=C2F)C=CC=C1P(C3=C(OC4=CC=CC=C4)C=CC=C3OC5=CC=CC=C5)C6=C(OC)C=CC=C6OC,p-o-59
130,CO2-ethylene,0,0.0,0,2,2,1.0,39,4,156,C1(/C(C2=C3C1=CC=CC3=CC=C2)=NC4=C(C5=CC=C(CC6)C=C5)C=CC=C4C7=CC=C8C=C7)=N\C9=C(C%10=CC=C(CC8)C=C%10)C=CC=C9C%11=CC=C6C=C%11,n-n-9
394,CO2-ethylene,3,0.11538461538461539,25,2,2,1.0,39,4,156,O=S(C1=CC=CC=C1P(C2=CC=CC=C2OC)C3=C(OC)C=CC=C3)(NC4=C(C(F)(F)F)C=CC=C4)=O,p-o-137
232,CO2-ethylene,3,0.11538461538461539,25,2,2,1.0,39,4,156,[O][N]1=C(/C=N/C2=C(C(C3=CSC4=C3C=CC=C4)C5=CSC6=C5C=CC=C6)C=C(C)C=C2C(C7=CSC8=C7C=CC=C8)CC9=CSC%10=C9C=CC=C%10)C=CC=C1,n-o-74
121,CO2-ethylene,3,0.11538461538461539,25,2,2,1.0,39,4,156,C/C1=C(C)\C[P@](C)C/C(C)=C(C)\C[P@](C)C1,p-p-23
497,CO2-ethylene,0,0.0,25,2,2,1.0,39,4,156,CC(C1=CC=NC(C2=NC=CC(C(C)(C)C)=C2)=C1)(C)C,n-n-108
395,CO2-ethylene,3,0.11538461538461539,25,2,2,1.0,39,4,156,CC1=CC(C)=CC(C)=C1N=P(C2=CC=CC=C2)(C3=CC=CC=C3)C4=CC=CC=C4P(C(C)C)C(C)C,p-n-28
387,CO2-ethylene,3,0.11538461538461539,25,2,2,1.0,39,4,156,CC(/C(C1=CC=CC=C1)=N/C2=C(C)C=C(C)C=C2C)(C)P(C)C3=C(C)C=C(C)C=C3C,p-n-23
152,CO2-ethylene,3,0.11538461538461539,25,2,2,1.0,39,4,156,O=C1C(C2=CC=C(C(F)(F)F)C=C2)=CC=CC=C1[N]C3=C(C(C)C)C=CC=C3C(C)C,n-o-15
80,CO2-ethylene,3,0.10714285714285714,75,2,2,1.0,39,4,156,[O-]C(C(C(C)(C)C)=CC=C1)=C1P(C2=CC=CC=C2)C3=CC=CC=C3,p-o-6
234,CO2-ethylene,3,0.11538461538461539,25,2,2,1.0,39,4,156,COC(C=CC=C1OC)=C1C2=CC=CC=C2P(C3=CC=CC=C3)NC4=NC=CC=C4,p-n-10
383,CO2-ethylene,3,0.11538461538461539,25,2,2,1.0,39,4,156,CC(C)C(C=CC=C1C(C)C)=C1/N=C2C(CCC/2)P(C(C)(C)C)C(C)(C)C,p-n-19
449,CO2-ethylene,3,0.11538461538461539,25,2,2,1.0,39,4,156,O=C(N(C)P(C1=CC=CC=C1C2=C(OC)C=CC=C2OC)C3=CC=CC=C3)C4=CC=CN=C4,p-o-151
155,CO2-ethylene,3,0.11538461538461539,25,2,2,1.0,39,4,156,[O]/C(C(F)(C(F)(C(F)(F)F)F)F)=C(CC(OC)=O)\P(C1=CC=CC=C1)C2=CC=CC=C2,p-o-47
83,CO2-ethylene,3,0.10714285714285714,75,2,2,1.0,39,4,156,[O-]C(C(C(C)(C)C)=CC=C1)=C1P(C(C=C2)=CC=C2C3=CC=CC=C3)C4=C(C5=CC=CC=C5)C=CC=C4,p-o-9
442,CO2-ethylene,3,0.10344827586206896,100,2,2,1.0,39,4,156,O=C(N(C)P(C1=CC=CC=C1C2=C(OC)C=CC=C2OC)C3=CC=CC=C3)C4=CC=CC=C4,p-o-144
353,CO2-ethylene,0,0.0,0,2,2,1.0,39,4,156,OS(C1=CC=CC=C1P(C2=C(C3=CC(C=CC=C4)=C4S3)C=CC=C2)C5=CC=CC=C5)(=O)=O,p-o-132
385,CO2-ethylene,3,0.11538461538461539,25,2,2,1.0,39,4,156,CC(C)C(C=CC=C1C(C)C)=C1/N=C2C(C3CC/2CC3)P(C4=CC=CC=C4)C5=CC=CC=C5,p-n-21
119,CO2-ethylene,3,0.11538461538461539,25,2,2,1.0,39,4,156,FC(C=C1C(C2=CC=CC=C2)C3=CC=CC=C3)=CC(C(C4=CC=CC=C4)C5=CC=CC=C5)=C1/N=C/C6=CC=CC=C6P(C7=CC=CC=C7)C8=CC=CC=C8,p-n-2
118,CO2-ethylene,3,0.11538461538461539,25,2,2,1.0,39,4,156,CC(C=C1C(C2=CC=CC=C2)C3=CC=CC=C3)=CC(C(C4=CC=CC=C4)C5=CC=CC=C5)=C1/N=C/C6=CC=CC=C6P(C7=CC=CC=C7)C8=CC=CC=C8,p-n-1
386,CO2-ethylene,0,0.0,0,2,2,1.0,39,4,156,CC(/C=N/C1=C(C)C=C(C)C=C1C)(C)P(C)C2=C(C)C=C(C)C=C2C,p-n-22
489,CO2-ethylene,0,0.0,25,2,2,1.0,39,4,156,C1(C2=C(P(C3=CC=CC=C3)C4=CC=CC=C4)C=CC=C2)=NCCO1,p-n-35
94,CO2-ethylene,0,0.0,25,2,2,1.0,39,4,156,OC(C(P(C1=C(OC)C=CC=C1OC)C2=C(OC)C=CC=C2OC)=CC=C3)=C3P(C4=C(OC)C=CC=C4OC)C5=C(OC)C=CC=C5OC,p-o-20
471,CO2-ethylene,0,0.0,0,2,2,1.0,39,4,156,[O-]C1=C(C(C)(C)C)C=CC=C1P(C2CCCCC2)C3CCCCC3,p-o-168
153,CO2-ethylene,0,0.0,25,2,2,1.0,39,4,156,[O]/C(C1=CC=CC=C1)=C\P(C2=CC=CC=C2)C3=CC=CC=C3,p-o-45
468,CO2-ethylene,0,0.0,0,2,2,1.0,39,4,156,[O-]C1=C(C2=C(F)C(F)=C(F)C(F)=C2F)C=CC=C1P(C3=CC=CC=C3)C4=CC=CC=C4C5=C(OC)C=CC=C5OC,p-o-165
444,CO2-ethylene,3,0.1111111111111111,50,2,2,1.0,39,4,156,O=C(N(C)P(C(C)(C)C)C(C)(C)C)C1=CC=CC=C1,p-o-146
123,CO2-ethylene,0,0.0,0,2,2,1.0,39,4,156,[O]C1=CC=CC2=C1N3C(C=C2)=CN(C4=C(C(C5=CC=CC=C5)C6=CC=CC=C6)C=C(C)C=C4C(C7=CC=CC=C7)C8=CC=CC=C8)C3,c-o-2
439,CO2-ethylene,3,0.1111111111111111,50,2,2,1.0,39,4,156,O=C(CP(C1=C(OC)C=CC=C1)C2=CC=CC=C2OC)C3=CC=CC=C3,p-o-141
104,CO2-ethylene,3,0.11538461538461539,25,2,2,1.0,39,4,156,[O]C1=C(P(C2=CC=CC=C2)C3=CC=CC=C3)C=CC4=C1C(C5=CC(C)=CC(C)=C5)=CC=C4,p-o-30
79,CO2-ethylene,3,0.11538461538461539,25,2,2,1.0,39,4,156,[O]C1=C(/C([H])=N/C2=C(C(C)C)C=CC=C2C(C)C)C=C([N+]([O-])=O)C=C1[H],n-o-7
382,CO2-ethylene,3,0.1111111111111111,50,2,2,1.0,39,4,156,CC(C=C(C)C=C1C(C2=CC=CC=C2)C3=CC=CC=C3)=C1/N=C(C4=C5C6=CC=CC5=CC=C4)/C6=N/C7=C(C(C8=CC=CC=C8)C9=CC=CC=C9)C=C(C)C=C7C,n-n-75
403,CO2-ethylene,3,0.10714285714285714,75,2,2,1.0,39,4,156,CC(C(C=CC=C1C2=CC=C(OC)C=C2)=C1O3)(C)C4=C3C(C5=CC(C(C)C)=C(/N=C(C6=C(C7=CC=C8)C8=CC=C6)/C7=N/C9=C(C(C)C)C=C(C%10=C(OC(C(C%11=CC=C(OC)C=C%11)=CC=C%12)=C%12C%13(C)C)C%13=CC=C%10)C=C9C(C)C)C(C(C)C)=C5)=CC=C4,n-n-81
81,CO2-ethylene,3,0.10344827586206896,100,2,2,1.0,39,4,156,[O-]C(C(C(C)(C)C)=CC=C1)=C1P(C2=CC=CC=C2)C3=C(C4=CC=C(C5=C(OC)C=CC=C5OC)C=C4)C=CC=C3,p-o-7
159,CO2-ethylene,3,0.11538461538461539,25,2,2,1.0,39,4,156,[O]/C(C1=CC=CC=C1)=C(CC(OC)=O)\P(C2=CC=CC=C2)C3=CC=CC=C3,p-o-51
443,CO2-ethylene,3,0.1111111111111111,50,2,2,1.0,39,4,156,O=C(N(C)P(C1=CC=CC=C1C2=C(F)C=CC=C2F)C3=CC=CC=C3)C4=CC=CC=C4,p-o-145
493,CO2-ethylene,0,0.0,0,2,2,1.0,39,4,156,[C@H]1(CC2=CC=CC=C2)COC(C3=C(P(C4=CC=CC=C4)C5=CC=CC=C5)C=CC=C3)=N1,p-n-39
388,CO2-ethylene,3,0.11538461538461539,25,2,2,1.0,39,4,156,CC(/C(C1=CC=CC=C1)=N/C2=C(C)C=C(C)C=C2C)(C)P(C)C,p-n-24
101,CO2-ethylene,3,0.1111111111111111,50,2,2,1.0,39,4,156,O=P(C(C)(C)C)(C(C)(C)C)CP(C(C)(C)C)C(C)(C)C,p-o-27
103,CO2-ethylene,3,0.1111111111111111,50,2,2,1.0,39,4,156,[O]C1=C(P(C2=CC=CC=C2)C3=CC=CC=C3)C=CC4=C1C(C5=CC=CC=C5)=CC=C4,p-o-29
105,CO2-ethylene,0,0.0,0,2,2,1.0,39,4,156,[O]C1=C(P(C2=CC=CC=C2)C3=CC=CC=C3)C=CC4=C1C(C5=CC(C(F)(F)F)=CC(C(F)(F)F)=C5)=CC=C4,p-o-31
133,CO2-ethylene,3,0.10714285714285714,75,2,2,1.0,39,4,156,CN(C)C1=CC=CC=C1P(C2=C(C3=CC=CC=C3)C=CC=C2)C4=C(C5=CC=CC=C5)C=CC=C4,p-n-6
133,CO2-ethylene,3,0.10714285714285714,75,2,2,1.0,39,4,156,CN(C)C1=CC=CC=C1P(C2=C(C(C)C)C=CC=C2)C3=C(C(C)C)C=CC=C3,p-n-5
82,CO2-ethylene,3,0.10714285714285714,75,2,2,1.0,39,4,156,[O-]C(C(C(C)(C)C)=CC=C1)=C1P(C2=CC=CC=C2)C3=C(C4=CC=CC=C4)C=CC=C3,p-o-8
445,CO2-ethylene,3,0.11538461538461539,25,2,2,1.0,39,4,156,O=C(NP(C1=CC=CC=C1C2=C(OC)C=CC=C2OC)C3=CC=CC=C3)C4=CC=CC=C4,p-o-147
131,CO2-ethylene,3,0.10344827586206896,100,2,2,1.0,39,4,156,[H]C(C=CC=C1)=C1P(C2=C([H])C=CC=C2)C3=CC=CC=C3N(C)C,p-n-4
134,CO2-ethylene,3,0.10714285714285714,75,2,2,1.0,39,4,156,CN(C)C1=CC=CC=C1P(C2=C(OC)C=CC=C2)C3=C(OC)C=CC=C3,p-n-7
117,CO2-ethylene,3,0.11538461538461539,25,2,2,1.0,39,4,156,CCC1=CC(C)=CC(CC)=C1/N=C(C2=C3C4=CC=CC3=CC=C2)/C4=N/C5=C(C(C6=CC=CC=C6)C7=CC=CC=C7)C=CC=C5C(C8=CC=CC=C8)C9=CC=CC=C9,n-n-8
441,CO2-ethylene,3,0.10344827586206896,100,2,2,1.0,39,4,156,O=C(N(C)P(C1=CC=CC=C1C(F)(F)F)C2=CC=CC=C2C(F)(F)F)C3=CC=CC=C3,p-o-143
189,CO2-ethylene,0,0.0,75,2,2,1.0,39,4,156,OC1=[C@@]([C@@]2=C(C(F)=C(C(F)=C2F)F)F)C=CC=C1P(C3=C(OC)C=CC=C3OC)C4=C(OC)C=CC=C4OC,p-o-56
491,CO2-ethylene,0,0.0,25,2,2,1.0,39,4,156,CC(C)[C@H]1COC(C2=C(P(C3=CC=CC=C3)C4=CC=CC=C4)C=CC=C2)=N1,p-n-37
448,CO2-ethylene,3,0.11538461538461539,25,2,2,1.0,39,4,156,O=C(N(C)P(C1=CC=CC=C1C2=C(OC)C=CC=C2OC)C3=CC=CC=C3)C4=CC=CC=N4,p-o-150
235,CO2-ethylene,3,0.11538461538461539,25,2,2,1.0,39,4,156,COC(C=CC=C1OC)=C1C2=CC=CC=C2P(C3=CC=CC=C3)OC4=NC=CC=C4,p-n-11
488,CO2-ethylene,0,0.0,25,2,2,1.0,39,4,156,C1(C2=C(P(C3=CC=CC=C3)C4=CC=CC=C4)C=CC=C2)=NCCO1,p-n-34
135,CO2-ethylene,3,0.1,125,2,2,1.0,39,4,156,CN(C)C1=CC=CC=C1P(C2=CC=CC=C2)C3=C(C4=C(OC)C=CC=C4OC)C=CC=C3,p-n-8
106,CO2-ethylene,3,0.1111111111111111,50,2,2,1.0,39,4,156,[O]C1=C(P(C2=CC=CC=C2)C3=CC=CC=C3)C=CC=C1[H],p-o-32
158,CO2-ethylene,3,0.11538461538461539,25,2,2,1.0,39,4,156,[O]/C(C1=C(F)C(F)=C(F)C(F)=C1F)=C(C(OCC2=CC=CC=C2)=O)\P(C3=CC=CC=C3)C4=CC=CC=C4,p-o-50
259,CO2-ethylene,3,0.1111111111111111,50,2,2,1.0,39,4,156,CC1=CC(C)=CC(C)=C1N2CN3C(C=CC4=C3C(O)=CC=C4)=C2,c-o-9
492,CO2-ethylene,0,0.0,25,2,2,1.0,39,4,156,CC(C)(C)[C@H]1COC(C2=C(P(C3=CC=CC=C3)C4=CC=CC=C4)C=CC=C2)=N1,p-n-38
440,CO2-ethylene,3,0.11538461538461539,25,2,2,1.0,39,4,156,O=C(N(C)P(C1=CC=CC=C1OC)C2=CC=CC=C2OC)C3=CC=CC=C3,p-o-142
384,CO2-ethylene,3,0.11538461538461539,25,2,2,1.0,39,4,156,CC(C)C(C=CC=C1C(C)C)=C1/N=C2C(C3CC/2CC3)P(C(C)(C)C)C(C)(C)C,p-n-20
233,CO2-ethylene,3,0.11538461538461539,25,2,2,1.0,39,4,156,COC(C=CC=C1OC)=C1C2=CC=CC=C2P(C3=CC=CC=C3)CC4=NC=CC=C4,p-n-9
404,CO2-ethylene,0,0.0,0,2,2,1.0,39,4,156,C/C(OP(C(C)C)C(C)C)=N\C1=C(C(C)C)C=CC=C1C(C)C,p-n-31
389,CO2-ethylene,3,0.11538461538461539,25,2,2,1.0,39,4,156,CC(/C(C1=CC=CC=C1)=N/C2=C(C)C=C(C)C=C2C)(C)P(C3=CC=CC=C3)C4=CC=CC=C4,p-n-25
188,CO2-ethylene,0,0.0,25,2,2,1.0,39,4,156,OC1=[C@@]([C@@]2=C(C(F)=C(C(F)=C2F)F)F)C=CC=C1P(C3=CC=CC=C3OC)C4=C(OC)C=CC=C4,p-o-55
132,CO2-ethylene,3,0.1,125,2,2,1.0,39,4,156,CN(C)C1=CC=CC=C1P(C2=C(C(C)C)C=CC=C2)C3=C(C(C)C)C=CC=C3,p-n-5
93,CO2-ethylene,0,0.0,0,2,2,1.0,39,4,156,O=S(C1=CC=C(C)C=C1P(C2CCCCC2)C3CCCCC3)([O])=O,p-o-19
258,CO2-ethylene,3,0.08823529411764706,225,2,2,1.0,39,4,156,OC1=CC=CC2=C1C3=[N](C(C4=CC=CC=C4)=C2)C(C5=CC=CC=C5)[N](C6=C(C(CC)CC)C=CC=C6C(CC)CC)=C3,c-o-8
