Name,Metal,Atom_A,Atom_B,A-M-B Angle,M-A Distance,M-B Distance,Metal_NBO,A_NBO,B_NBO,HOMO_LUMO,A-B_NBO,NBO-dist-2-avg,NBO-dist-3-avg,NBO-dist-4-avg,NBO-dist-2-a-avg,NBO-dist-3-a-avg,NBO-dist-4-a-avg,NBO-dist-2-b-avg,NBO-dist-3-b-avg,NBO-dist-4-b-avg,NBO-dist-2-a-b-diff,NBO-dist-3-a-b-diff,NBO-dist-4-a-b-diff,NBO-dist-2-min,NBO-dist-3-min,NBO-dist-4-min,NBO-dist-2-max,NBO-dist-3-max,NBO-dist-4-max,NBO-dist-2-a-min,NBO-dist-3-a-min,NBO-dist-4-a-min,NBO-dist-2-b-min,NBO-dist-3-b-min,NBO-dist-4-b-min,NBO-dist-2-a-max,NBO-dist-3-a-max,NBO-dist-4-a-max,NBO-dist-2-b-max,NBO-dist-3-b-max,NBO-dist-4-b-max,NBO-metal-donor-diff,NBO-metal-a-diff,NBO-metal-b-diff,NBO-dist-2-1-avg-diff,NBO-dist-3-2-avg-diff,NBO-dist-4-3-avg-diff,NBO-dist-2-1-a-avg-diff,NBO-dist-3-2-a-avg-diff,NBO-dist-4-3-a-avg-diff,NBO-dist-2-1-b-avg-diff,NBO-dist-3-2-b-avg-diff,NBO-dist-4-3-b-avg-diff,Metal_mullkien,A_mulliken,B_mulliken,A-B_mulliken,Mulliken-dist-2-avg,Mulliken-dist-3-avg,Mulliken-dist-4-avg,Total internal angle deviation %,Total % VBur,% VBur SE,% VBur SW,% VBur NE,% VBur NW,% VBur max,% VBur min,% VBur max min diff,% VBur NE NW diff,% VBur SE SW diff,% VBur NE SE diff,% VBur NW SW diff,% VBur NE SW diff,% VBur NW SE diff,% VBur asymm 1,% VBur asymm 2,% VBur asymm 3,% VBur octant 1,% VBur octant 2,% VBur octant 3,% VBur octant 4,% VBur octant 5,% VBur octant 6,% VBur octant 7,% VBur octant 8
ligand-005-c-n-1,1,2,59,91.32352,1.971,2.054,0.16442,0.24188,-0.40139,0.1049,0.6433,-0.1232,0.0158,0.0172,-0.3738,0.0846,0.0066,0.1274,-0.0125,-0.0615,0.5012,0.0971,0.0681,-0.38537,-0.23428,-0.22348,0.17963,0.22705,0.22965,-0.38537,-0.04116,-0.22348,0.0751,-0.23428,-0.36226,-0.36226,0.17769,0.22965,0.17963,0.22705,0.21884,0.24422,0.07746,0.56581,0.04340000000000001,0.139,0.0013999999999999985,0.61568,0.45840000000000003,0.078,0.5287900000000001,0.13990000000000002,0.049,0.138333,-0.077982,-0.40867,0.330688,0.1187,-0.0224,0.0031,1.6424,50.46123742079761,75.15840477077899,30.609392471114425,34.63240775251584,61.44474468878121,75.15840477077899,30.609392471114425,44.54901229966456,48.03857622064852,52.88389862094671,54.89540626164741,46.02706857994782,32.62090011181513,68.3015747297801,4.845322400298187,8.868337681699586,35.68067461796497,99.03559448378681,44.37663063734625,95.80227357435706,60.20778978755125,9.057025717480432,27.087215803205368,16.842154304882595,51.281215057771156
ligand-008-c-n-4,1,2,39,91.39589,1.945,2.06,0.15469,0.25273,-0.40638,0.1087,0.6591,-0.1127,0.0136,0.0388,-0.3619,0.0881,0.0019,0.1366,-0.0171,-0.0197,0.4985,0.1052,0.0216,-0.37089,-0.25003,-0.23066,0.18642,0.22299,0.22578,-0.37089,-0.07636,-0.23066,0.08678,-0.25003,-0.35301,-0.35301,0.18893,0.22578,0.18642,0.22299,0.21912,0.23148999999999997,0.09804000000000002,0.56107,0.0359,0.1263,0.0252,0.61463,0.45,0.0862,0.54298,0.1537,0.002599999999999998,0.304279,-0.090853,-0.471998,0.38114499999999996,0.0688,-0.0268,0.0331,1.8501,46.83772828922847,74.48052553112188,29.861628773760714,23.04090570257175,59.96785314945956,74.48052553112188,23.04090570257175,51.439619828550136,41.50437942601565,52.1710771524413,48.76071561684682,44.914740961610136,26.45126723816623,67.22418934029072,10.666697726425646,3.845974655236681,40.77292210212449,99.24990682072307,44.94968319045844,95.81625046589637,45.09877003354454,0.9830413715989564,24.119455833022734,14.773574357062987,49.711144241520685
ligand-011-c-n-7,1,2,22,87.75191,1.929,1.999,0.14921,0.29079,-0.3983,0.1251,0.6891,-0.1102,-0.0333,0.0414,-0.3659,0.0034,0.0449,0.1456,-0.1182,0.0616,0.5115,0.1216,0.0167,-0.38061,-0.23404,-0.25627,0.21457,0.24647,0.24192,-0.38061,-0.22558,-0.25627,0.07661,-0.23404,-0.35126,-0.35126,0.24647,0.24192,0.21457,0.21592,0.24192,0.20301000000000002,0.14157999999999998,0.5475099999999999,0.056400000000000006,0.0769,0.0747,0.65669,0.3693,0.0415,0.5439,0.26380000000000003,0.17980000000000002,0.119845,-0.050873,-0.206443,0.15556999999999999,-0.0139,-0.0066,0.0556,6.9561,53.417932351844954,70.78829668281773,52.41800223630265,44.39992545657846,46.06550503168096,70.78829668281773,44.39992545657846,26.388371226239272,45.23271524412971,61.603149459560186,57.594111069698094,49.241753633991806,48.40896384644056,58.42690085724934,16.37043421543048,8.352357435706288,10.017937010808787,97.90346626910174,86.30264629146478,87.58386134923593,84.4204248975028,4.3794260156541185,4.547148714125979,18.533358181140514,43.67312709653373
ligand-012-p-p-4,3,1,11,86.94115,2.236,2.248,-0.16007,1.1579,1.13718,0.1817,0.0207,-0.5812,-0.0865,0.0063,-0.5854,-0.1552,0.0365,-0.5769,-0.1596,0.038,0.0085,0.0044,0.0015,-0.72909,-0.39912,-0.3843,-0.50493,0.22666,0.23682,-0.72909,-0.7205,-0.3843,-0.7205,-0.72909,-0.38227,-0.50546,0.22666,0.23682,-0.50493,0.2228,0.23359,1.30757,1.3179699999999999,1.29725,1.7287,0.49470000000000003,0.0928,1.7433,0.4302,0.1917,1.71408,0.4173,0.1976,-0.299409,0.468219,0.455085,0.013133999999999979,-0.1752,-0.0706,0.023,3.2652,48.79856969809914,49.75307491613866,44.06680954155796,46.24021617592248,55.13417815877749,55.13417815877749,44.06680954155796,11.067368617219529,50.68719716734998,46.90994222884831,47.996645546030564,49.60049385016772,45.153512858740214,52.44362653745807,3.7772549385016703,1.6038483041371592,7.290113678717859,88.9349608647037,77.55311218784942,98.78866939992545,81.46198285501305,11.018449496831904,11.47968691762952,10.580506895266492,10.571188967573612
ligand-014-p-c-1,2,1,47,84.85697,2.22,1.958,-0.09075,1.13562,0.3129,0.1705,0.8227,-0.4646,-0.065,0.0347,-0.5112,-0.1209,0.0001,-0.3946,-0.1325,0.1504,0.1166,0.0116,0.1503,-0.5163,-0.39969,-0.38313,-0.38752,0.22416,0.24475,-0.5163,-0.39969,-0.38313,-0.40175,-0.5163,0.00566,-0.50836,0.22416,0.24475,-0.38752,0.13211,0.22591,0.81505,1.2263700000000002,0.40365,1.1889,0.3996,0.09970000000000001,1.64682,0.3903,0.121,0.7075,0.2621,0.28290000000000004,-0.009735,0.351536,0.081966,0.26957000000000003,-0.1244,-0.072,0.0354,0.0531,49.54749813641446,63.15691390234812,28.105199403652623,46.51043607901603,60.41744316064108,63.15691390234812,28.105199403652623,35.0517144986955,53.46393961982855,45.63105665300037,54.83367499068208,44.26132128214685,37.307817741334325,61.787178531494604,7.83288296682818,10.572353708535225,24.47936079016028,94.48378680581439,53.727171077152434,99.99068207230712,83.57249347745062,9.448378680581438,20.84420424897503,2.483227730152814,31.83004099888185
ligand-020-p-c-7,2,11,55,89.29466,2.224,1.916,-0.12867,1.18285,0.35318,0.1692,0.8297,-0.5133,-0.1264,0.0837,-0.5896,-0.1194,0.0215,-0.3989,-0.1421,0.1058,0.1907,0.0227,0.0843,-0.71168,-0.39831,-0.38494,-0.39451,0.23556,0.25809,-0.71168,-0.39831,-0.38494,-0.40333,-0.21722,-0.39831,-0.5249,0.23556,0.24681,-0.39451,-0.07233,0.25809,0.8966700000000001,1.31152,0.48185,1.2812999999999999,0.38689999999999997,0.2101,1.77245,0.4702,0.1409,0.75208,0.2568,0.2479,-0.25239,0.460177,-0.127805,0.587982,-0.1019,-0.1108,0.0765,11.5006,51.6195723071189,56.93486768542677,53.19837868058144,38.39685054043981,57.94819232202758,57.94819232202758,38.39685054043981,19.551341781587773,48.17252143123369,55.066623183004104,47.66585911293329,55.57328550130451,45.79761461051062,57.44153000372717,6.894101751770414,7.907426388371221,11.643915393216552,99.63660081997764,94.80525531121879,96.2308982482296,71.69679463287365,5.096906448005964,19.665486395825567,11.591502049944093,14.233134550875883
ligand-032-p-p-11,3,12,1,97.25222,2.219,2.23,-0.17883,1.15213,1.13882,0.1903,0.0133,-0.5804,-0.2018,0.2073,-0.5816,-0.2129,0.1453,-0.5793,-0.2121,0.1444,0.0023,0.0008,0.0009,-0.72857,-0.60101,0.19069,-0.50132,0.23329,0.23252,-0.72857,-0.60101,-0.71935,-0.71935,-0.59932,-0.72857,-0.50132,0.22524,0.23252,-0.50398,0.23329,0.2249,1.32433,1.3309600000000001,1.31765,1.7259,0.37860000000000005,0.4091,1.73373,0.3687,0.3582,1.7181199999999999,0.3672,0.35650000000000004,-0.260934,0.401092,0.443776,0.042684,-0.1915,-0.1093,0.1135,5.6561,55.85806466641819,54.87327618337682,52.653279910547894,54.53084234066343,61.37486023108461,61.37486023108461,52.653279910547894,8.721580320536717,57.95285128587402,53.763278046962355,54.70205926202013,57.01407007081625,53.59206112560567,58.124068207230714,4.189573238911663,2.312010808796124,4.532007081625046,94.26947446887812,90.37458069325382,98.22959373835259,92.0844204248975,16.97726425642937,24.520126723816624,14.931979127841968,15.477077897875514
ligand-038-p-o-2,46,1,5,90.26991,2.317,2.033,0.18615,1.07168,-0.93872,0.1343,2.0104,0.3422,-0.2679,-0.1621,-0.3503,-0.0304,0.053,2.4195,-0.7543,-0.253,2.7698,0.7239,0.306,-0.37365,-0.98325,-0.46775,2.41951,0.32856,0.21983,-0.37365,-0.30195,-0.46775,2.41951,-0.98325,-0.30935,-0.30935,0.32856,2.41951,2.41951,-0.30195,-0.19674,0.11965,0.8855299999999999,1.12487,0.2757,0.6101000000000001,0.10580000000000003,1.42198,0.3199,0.0834,3.35822,3.1738,0.5013,0.118593,0.582248,-0.457206,1.039454,0.1655,-0.1263,-0.1006,6.9151,48.78517517704062,35.007454342154304,48.56503913529631,43.88045098770034,67.68775624301155,67.68775624301155,35.007454342154304,32.680301900857245,55.784103615355946,41.78624673872531,39.44395266492732,58.12639768915393,46.22274506149833,51.34760529258293,13.997856876630635,18.68244502422661,5.124860231084597,68.29575102497205,80.34849049571375,99.34308609765188,72.66120014908685,15.099701826313828,36.03242638837123,16.78158777487887,1.7191576593365634
ligand-043-p-p-17,3,12,1,88.21463,2.28,2.253,-0.09283,1.10484,1.10909,0.1523,0.0042,-0.4943,0.0856,-0.1521,-0.4934,0.0506,-0.1687,-0.4953,0.0512,-0.1686,0.0019,0.0006,0.0001,-0.70697,-0.39985,-0.48127,-0.37894,0.32984,0.22699,-0.70697,-0.39985,-0.69768,-0.69768,-0.39985,-0.70697,-0.37894,0.32322,0.22699,-0.39083,0.32984,0.22699,1.19983,1.19767,1.2019199999999999,1.6013,0.5799,0.23770000000000002,1.59824,0.544,0.2193,1.60439,0.5465,0.2198,-0.401181,0.780146,0.769561,0.010584999999999956,-0.2282,0.0748,-0.1078,8.6804,63.830716548639586,63.65775251584047,65.72400298173686,55.93086097651882,70.01024972046217,70.01024972046217,55.93086097651882,14.079388743943348,62.97055534849049,64.69087774878867,59.79430674617964,67.86712635109951,60.82743197912784,66.83400111815132,1.7203224002981727,8.072819604919871,6.006569139023483,99.17070443533358,97.53540812523295,97.75437942601566,87.09932910920611,24.76239284383153,42.26612001490869,33.91259783824078,28.144800596347373
ligand-053-p-c-18,45,19,46,85.36525,2.246,1.911,-0.11415,1.14587,0.35994,0.0854,0.7859,-0.3726,-0.1106,-0.0336,-0.3518,-0.1681,-0.0816,-0.404,0.0397,-0.0855,0.0522,0.2078,0.0039,-0.44882,-0.32711,-0.26407,-0.30153,0.16182,0.2819,-0.44882,-0.32711,-0.40539,-0.40539,-0.08524,-0.30153,-0.30153,0.14599,0.2819,-0.40253,0.16182,0.22083,0.86705,1.26002,0.47409,1.1255,0.262,0.07700000000000001,1.4976699999999998,0.1837,0.0865,0.7639400000000001,0.44370000000000004,0.1252,-0.165331,0.542749,-0.125517,0.668266,-0.0743,-0.0606,-0.042,6.904,50.3680581438688,39.69903093551994,67.4291837495341,52.62532612746925,41.71869176295192,67.4291837495341,39.69903093551994,27.73015281401416,47.172008945210585,53.56410734252702,46.1621785314946,54.57393775624301,60.02725493850168,40.70886134923593,6.392098397316438,8.411759224748415,19.318393589265746,74.6552366753634,99.02161759224748,79.74282519567649,95.16865449124114,10.081997763697354,3.6945583302273572,35.83674990682073,4.742825195676482
ligand-056-p-c-21,69,46,18,89.59812,2.2,1.926,-0.12565,1.35754,0.35392,0.1584,1.0036,-0.4947,-0.0458,-0.067,-0.5643,-0.0709,-0.0179,-0.3903,-0.0082,-0.1245,0.174,0.0627,0.1066,-0.96551,-0.21287,-0.60011,-0.36337,0.38756,0.23877,-0.96551,-0.21287,-0.38841,-0.39241,-0.06728,-0.60011,-0.36337,0.38756,0.22376,-0.38821,0.09191,0.23877,0.9813500000000001,1.48319,0.47957000000000005,1.3504,0.44889999999999997,0.021200000000000004,1.92184,0.4934,0.053000000000000005,0.74422,0.3821,0.1163,-0.12494,0.46966,-0.128628,0.598288,-0.0569,-0.0703,-0.0096,10.0985,50.91781587774879,45.37131941856131,49.63660081997763,57.820070816250464,50.84327245620574,57.820070816250464,45.37131941856131,12.44875139768915,54.3316716362281,47.50396011926947,51.59569511740589,50.239936638091685,53.72833581811405,48.107295937383526,6.8277115169586295,1.3557584793142041,5.621039880730521,85.99049571375326,84.84439060752888,94.99627282892284,93.1420052180395,22.498136414461424,6.690272083488632,14.428811032426388,4.752143123369363
ligand-072-n-n-3,1,27,26,80.62742,2.003,2.003,0.31547,-0.4075,-0.4075,0.1099,0.0,0.1354,-0.0836,0.1598,0.1354,-0.0173,0.0645,0.1354,-0.0173,0.0645,0.0,0.0,0.0,0.08923,-0.24426,0.05599,0.18163,0.21498,0.22006,0.08924,-0.24426,-0.22153,0.08923,-0.24426,-0.22152,0.18162,0.21497,0.22006,0.18163,0.21498,0.22006,0.7229699999999999,0.7229699999999999,0.7229699999999999,0.5428999999999999,0.21899999999999997,0.2434,0.5428999999999999,0.1527,0.0818,0.5428999999999999,0.1527,0.0818,0.483161,-0.424832,-0.424777,5.499999999997174e-05,0.1206,0.0017,0.0865,0.0788,34.69821561684681,28.496552366753633,40.90337308982482,40.9010436079016,28.491893402907195,40.90337308982482,28.491893402907195,12.411479686917623,34.6964685054044,34.69996272828922,34.698797987327616,34.69763324636601,40.90220834886321,28.494222884830414,0.003494222884825149,0.0011647409616060145,12.407985464032798,55.29258292955647,75.36339918002236,55.28326500186359,75.36339918002236,6.438688035780843,1.7005218039508014,6.443346999627283,1.7005218039508014
ligand-073-n-o-1,44,1,14,89.20431,2.019,1.982,0.31498,-0.49971,-0.62226,0.1266,0.1226,0.2634,-0.0879,-0.145,0.1782,-0.0369,-0.1005,0.4339,-0.2794,0.0144,0.2557,0.2425,0.1149,0.1765,-0.29179,-0.25357,0.43392,0.1509,0.20076,0.1765,-0.26695,-0.25357,0.43392,-0.29179,-0.17892,0.17982,0.1509,0.43392,0.43392,-0.26695,0.20076,0.87598,0.8146899999999999,0.9372400000000001,0.8244,0.35130000000000006,0.057099999999999984,0.67791,0.2151,0.0636,1.05616,0.7133,0.2938,0.077139,-0.171647,-0.52642,0.354773,0.1849,-0.0494,-0.0369,0.3619,44.048756056653,34.11293328363772,48.16203876257921,30.965803205367127,62.95424897502795,62.95424897502795,30.965803205367127,31.988445769660824,46.96002609019754,41.137486023108465,32.53936824450243,55.55814386880358,39.56392098397317,48.533591129332834,5.822540067089072,23.018775624301156,8.969670145359665,65.02049944092434,81.86265374580694,97.03689899366381,58.49329109206113,3.438315318673127,28.8715989563921,14.461423779351474,3.2053671263510997
ligand-089-p-o-15,65,1,2,88.30921,2.244,2.116,0.14421,1.27144,-1.04489,0.1257,2.3163,0.0532,-0.0559,-0.1907,-0.6538,0.4437,-0.2402,2.1741,-0.659,-0.1055,2.8279,1.1027,0.1347,-1.09803,-0.44274,-0.49467,2.17414,0.3479,0.21921,-1.09803,-0.16903,-0.49467,2.17414,-1.09803,-0.18041,-0.42451,2.17414,0.21921,2.17414,-0.43625,0.13906,0.030910000000000007,1.12723,1.1891,0.0601,0.1091,0.1348,1.92524,1.0975000000000001,0.6839,3.2189900000000002,2.8331,0.5535,-0.043763,0.523778,-0.460724,0.984502,0.1838,0.0129,-0.1649,2.9669,53.140141632500935,50.94809914275066,55.60473350726798,44.60957882966828,61.39815505031681,61.39815505031681,44.60957882966828,16.78857622064853,53.00386693999255,53.27641632500932,47.778838986209465,58.50144427879239,50.10715616846813,56.17312709653373,0.2725493850167737,10.722605292582926,6.065970928065603,89.5219903093552,98.82594111069697,97.76369735370854,86.88967573611629,2.3294819232202757,25.032612746925082,12.383525903838986,12.374207976146105
ligand-100-p-o-26,3,1,13,84.6962,2.316,2.097,0.12931,1.05306,-1.03479,0.1749,2.0879,0.0574,-0.5141,0.22,-0.589,-0.1251,0.0885,1.9965,-1.0534,0.2506,2.5855,0.9283,0.1621,-1.14156,-1.01453,0.18776,1.99645,0.2574,0.26595,-1.14156,-0.60927,-1.01453,1.99645,-1.14156,0.23324,-0.31204,1.99645,0.24582,1.99645,-1.00401,0.26595,0.12021000000000001,0.9237500000000001,1.1641000000000001,0.048299999999999996,0.5715,0.7341,1.64206,0.4639,0.21359999999999998,3.0312900000000003,3.0499,1.3039999999999998,-0.079076,0.285014,-0.46732,0.7523340000000001,0.0776,-0.2589,0.1251,4.8208,44.960165859112934,34.448378680581435,46.28680581438688,45.45285128587402,53.65262765560939,53.65262765560939,34.448378680581435,19.20424897502796,49.552739470741706,40.367592247484154,39.95061498322772,49.96971673499814,45.86982855013045,44.05050316809542,9.185147223257552,10.019101751770414,1.8193253820350321,67.20555348490495,87.80283265001863,94.14368244502423,88.85109951546775,2.0546030562802833,13.16157286619456,4.770778978755125,1.6912038762579202
ligand-106-p-o-32,29,1,31,83.55254,2.234,2.01,0.14526,1.06552,-0.65273,0.137,1.7183,-0.1829,-0.207,-0.0061,-0.3794,-0.09,-0.0347,0.4065,-0.4031,-0.0504,0.7859,0.3131,0.0157,-0.51051,-0.29565,-0.31667,0.40646,-0.16408,0.22727,-0.51051,-0.20299,-0.31667,0.40646,-0.51051,-0.1818,-0.30966,0.40646,0.22727,0.40646,-0.29565,0.19454,0.06114,0.9202600000000001,0.79799,0.3893,0.024099999999999983,0.2009,1.44492,0.2894,0.055299999999999995,1.05923,0.8096,0.3527,0.214132,0.354004,-0.563594,0.917598,0.0494,-0.1599,0.0117,0.0606,37.31247670518077,28.692228848304136,42.48509131569139,29.106876630637345,48.9657100260902,48.9657100260902,28.692228848304136,20.273481177786064,39.03629332836377,35.588660081997766,28.899552739470742,45.72540067089079,35.79598397316437,38.828969437197166,3.447633246366003,16.82584793142005,3.032985464032798,56.05665300037271,78.997390980246,90.07640700708163,56.98844576966082,1.225307491613865,7.8550130450987705,5.972791651136787,1.3278046962355572
ligand-120-p-n-3,23,32,1,89.21952,2.219,2.046,0.07301,1.09484,-0.41149,0.1174,1.5063,-0.1333,-0.103,-0.0619,-0.3264,-0.1823,0.0122,0.1562,0.0125,-0.2255,0.4826,0.1948,0.2377,-0.34564,-0.20437,-0.24456,0.17256,0.17462,0.22862,-0.34564,-0.20437,-0.202,0.13982,-0.11642,-0.2924,-0.2924,-0.11642,0.22862,0.17256,0.17462,-0.15911,0.26869,1.02183,0.48450000000000004,0.475,0.030300000000000007,0.0411,1.42124,0.14410000000000003,0.19449999999999998,0.56769,0.1437,0.23800000000000002,0.041215,0.486192,-0.169218,0.65541,0.0287,-0.0838,-0.011,2.3715,52.14079388743943,54.153466269101756,66.02916511367872,53.58973164368245,34.79081252329482,66.02916511367872,34.79081252329482,31.238352590383897,44.19027208348864,60.091315691390236,53.871598956392106,50.40998881848677,59.809448378680585,44.47213939619829,15.901043607901599,3.461610137905339,15.337308982482298,95.35035408125233,98.67219530376444,64.38688035780842,87.55124860231085,19.628214685054044,5.194744688781215,33.38613492359299,12.956578456951174
ligand-122-c-o-1,1,2,58,89.14955,1.983,1.966,0.19533,0.24688,-0.62896,0.121,0.8758,-0.1289,-0.0135,-0.0085,-0.3861,0.0552,0.0538,0.3853,-0.1159,-0.1079,0.7714,0.1711,0.1617,-0.41912,-0.28804,-0.22634,0.38528,0.16461,0.21293,-0.41912,-0.0704,-0.22634,0.38528,-0.28804,-0.35298,-0.35298,0.16461,0.38528,0.38528,0.05617,0.20119,0.38633,0.051549999999999985,0.82429,0.062100000000000016,0.11539999999999999,0.004999999999999999,0.63298,0.4413,0.0013999999999999985,1.01426,0.5012,0.008000000000000007,0.289972,-0.099039,-0.546044,0.447005,0.1166,-0.0685,-0.0003,0.0059,45.51749440924338,56.489936638091685,33.57482295937383,60.13557584793142,31.86964219157659,60.13557584793142,31.86964219157659,28.26593365635483,46.002609019754004,45.03237979873276,58.31275624301155,32.72223257547521,46.85519940365263,44.17978941483414,0.970229221021242,25.59052366753634,2.675409988818487,82.92955646664181,62.5,59.47167349981364,86.72661200149086,33.54453969437197,4.267610883339545,4.64964591874767,30.05031680954156
ligand-131-p-n-4,12,1,21,83.49484,2.195,2.215,0.11058,1.08382,-0.44371,0.1509,1.5275,-0.2771,0.0032,0.0107,-0.3454,-0.131,-0.0121,-0.2088,0.0805,-0.0487,0.1366,0.2115,0.0366,-0.40016,-0.22913,-0.20217,0.17089,0.23206,0.22257,-0.35143,-0.20883,-0.22913,-0.40016,-0.35143,-0.17784,-0.33967,0.17089,0.22257,0.17089,0.23206,0.20959,0.20951999999999998,0.97324,0.55429,0.5972,0.2803,0.0075,1.42922,0.21439999999999998,0.1189,0.23490999999999998,0.2893,0.1292,0.075118,0.351862,-0.100416,0.452278,-0.0747,-0.017,0.0242,0.627,45.97698471859859,51.27189713007827,43.29109206112561,44.85883339545285,44.48611628773761,51.27189713007827,43.29109206112561,7.980805068952662,44.67247484159523,47.28149459560194,48.06536526276556,43.888604174431606,44.07496272828923,47.87900670890794,2.6090197540067095,4.176761088333954,3.804043980618708,90.30935519940365,83.9265747297801,79.50055907566157,80.92154304882594,8.79612374207976,9.471673499813642,2.6556093924711144,12.234439060752889
ligand-183-n-o-34,12,1,2,86.4646,2.19,2.08,0.29919,-0.51001,-1.04756,0.1095,0.5376,0.886,-0.2574,-0.1561,0.2503,-0.1586,0.2349,2.1574,-0.5647,-0.0298,1.9071,0.4061,0.2647,0.14317,-0.78428,-0.24072,2.15737,0.17699,0.12046,0.14317,-0.78428,-0.24072,2.15737,-0.78428,-0.17806,0.35738,0.17699,2.15737,2.15737,-0.44921,0.35738,1.07799,0.8091999999999999,1.3467500000000001,1.6648,1.1434,0.10130000000000003,0.76031,0.40890000000000004,0.39349999999999996,3.20496,2.7221,0.5348999999999999,-0.17657,-0.144349,-0.416662,0.27231299999999997,0.2696,0.0623,-0.0948,4.1692,51.618989936638094,32.922568020872156,64.41017517704063,51.21133060007455,57.93188594856503,64.41017517704063,32.922568020872156,31.487607156168472,54.571608274319786,48.66637159895639,42.06694931047335,61.17103056280283,57.81075288855759,45.427226984718594,5.905236675363398,19.10408125232948,12.383525903838994,60.16585911293328,96.2541930674618,93.6358553857622,91.96328736489005,10.459373835259038,22.22791651136787,32.56615728661946,5.679276928811032
ligand-199-n-o-40,11,2,1,78.60918,1.996,1.998,0.33503,-0.57646,-0.52078,0.1227,0.0557,0.2683,-0.1786,-0.1937,0.435,-0.0718,-0.0893,0.1849,0.013,-0.2761,0.2501,0.0848,0.1868,0.18202,-0.33141,-0.61667,0.43498,-0.03099,0.20551,0.43498,-0.33141,-0.3193,0.18202,-0.3193,-0.61667,0.43498,0.18779,0.20136,0.18779,0.43498,0.20551,0.8836299999999999,0.9114899999999999,0.85581,0.8169,0.44689999999999996,0.015100000000000002,1.01146,0.5068,0.0175,0.7056800000000001,0.1719,0.2891,0.294417,-0.49816,-0.244546,0.253614,0.2228,-0.1759,-0.0598,0.0006,37.41147968691763,28.687569884457695,47.696142377935146,28.088893030190086,45.17331345508759,47.696142377935146,28.088893030190086,19.60724934774506,36.63110324263884,38.19185613119642,28.38823145732389,46.43472791651136,37.89251770406261,36.93044166977264,1.5607528885575803,18.046496459187473,0.9620760342899715,56.2849422288483,86.44707417070443,83.4793142005218,55.11554230339173,1.0622437569884458,6.867312709653373,8.94521058516586,1.090197540067089
ligand-211-n-o-52,37,7,1,87.97842,2.017,1.965,0.30356,-0.43284,-0.40892,0.0889,0.0239,0.1187,0.0497,-0.1197,0.1019,0.0441,0.0394,0.1271,0.0546,-0.1502,0.0252,0.0105,0.1896,0.1019,-0.01451,-0.24616,0.13322,0.18184,0.22772,0.1019,0.02975,-0.12843,0.12092,-0.01451,-0.24616,0.1019,0.05838,0.22772,0.13322,0.18184,0.1019,0.72446,0.7363999999999999,0.71248,0.5396,0.069,0.1694,0.53474,0.057800000000000004,0.004700000000000003,0.5360199999999999,0.07249999999999998,0.2048,0.19189,-0.407876,-0.166887,0.240989,0.0647,0.0446,0.0017,0.9461,44.38361908311592,34.6277487886694,47.21393961982855,33.20909429742826,62.48369362653746,62.48369362653746,33.20909429742826,29.2745993291092,47.846393961982855,40.92084420424898,33.91842154304883,54.848816623183005,40.21151695862841,48.555721207603426,6.925549757733876,20.930395080134176,8.344204248975018,66.29239657100261,81.51789042117034,97.98266865449125,62.09467014535968,4.323518449496832,26.984718598583672,12.909988818486767,2.9631010063361907
ligand-247-c-n-9,1,2,52,79.70363,1.946,2.102,0.15954,0.25169,-0.85782,0.1376,1.1095,0.4899,-0.4348,0.082,-0.3969,0.1418,-0.0875,1.3768,-0.7134,0.1521,1.7737,0.8552,0.2396,-0.40775,-0.98224,-0.31632,2.32374,0.15287,0.26433,-0.40775,-0.12196,-0.36985,0.42982,-0.98224,-0.14625,-0.38601,0.42982,0.2108,2.32374,-0.36985,0.26433,0.46263999999999994,0.09215000000000004,1.01736,0.7929999999999999,0.9247000000000001,0.5168,0.64859,0.5387,0.2293,2.23462,2.0902000000000003,0.8655,0.053195,-0.022667,-0.419104,0.396437,0.3148,-0.2495,0.0345,0.212,49.91031494595602,40.82184122251211,59.67666790905703,69.5769660827432,29.565784569511738,69.5769660827432,29.565784569511738,40.01118151323146,49.571375326127466,50.24925456578457,55.19940365262765,44.62122623928438,64.62681699590011,35.19381289601193,0.6778792396571021,10.578177413343269,29.433004099888187,67.45247856876631,91.78624673872531,54.561125605665296,95.98397316436824,43.16995900111815,4.570443533358181,27.567089079388747,14.191203876257921
ligand-248-c-o-4,1,2,55,88.12385,1.961,2.045,0.15871,0.28347,-1.05075,0.0966,1.3342,0.4122,-0.1261,-0.3396,-0.3912,-0.003,0.3156,2.0191,-0.3016,-0.5289,2.4103,0.2986,0.8445,-0.39447,-0.38184,-0.60888,2.01907,0.13541,0.23171,-0.39447,-0.15994,-0.22726,2.01907,-0.38184,-0.60888,-0.38799,0.13541,2.01907,2.01907,-0.15994,-0.22726,0.54231,0.12476000000000001,1.20946,0.7958000000000001,0.5383,0.21350000000000002,0.67467,0.3882,0.3186,3.0698499999999997,2.3207,0.22730000000000006,-0.184631,-0.00239,-0.390861,0.388471,0.2027,0.0283,-0.2324,4.1603,55.82254006708908,68.23052553112188,43.97828922847558,51.812336936265375,59.269008572493476,68.23052553112188,43.97828922847558,24.252236302646303,55.54067275437943,56.10440737979873,60.02143123369363,51.623648900484525,47.89531308237048,63.74976705180768,0.5637346254193005,8.397782333209108,15.854453969437202,99.56205739843459,70.11274692508385,97.2325754752143,88.69269474468878,14.931979127841968,21.305441669772645,17.843831531867313,36.89899366380917
ligand-250-c-o-6,1,2,48,84.73742,1.965,2.138,0.21488,0.2818,-1.05493,0.1543,1.3367,0.34,-0.1651,-0.3119,-0.5979,0.5474,-0.0508,2.2156,-0.521,-0.5307,2.8135,1.0684,0.4799,-0.76354,-0.40169,-0.60528,2.21564,0.12804,0.23209,-0.76354,-0.10066,-0.40169,2.21564,-0.76354,-0.60528,-0.43218,2.21564,0.23209,2.21564,-0.39791,-0.10066,0.60148,0.06692000000000001,1.2698099999999999,0.7266,0.5051,0.1468,0.8796999999999999,1.1453,0.5982,3.27053,2.7365999999999997,0.009699999999999931,0.151599,-0.074098,-0.409136,0.335038,0.1902,-0.0205,-0.2064,0.5707,47.88424804323518,53.755124860231085,47.330413715989565,58.93123369362654,31.520219903093555,58.93123369362654,31.520219903093555,27.411013790532984,45.22572679836004,50.54276928811032,56.34317927692881,39.425316809541556,53.13082370480805,42.63767238166232,5.317042489750278,16.917862467387252,10.493151323145732,93.57062989191203,91.06876630637346,61.11162877376072,91.72102124487515,26.141446142377934,1.9288110324263883,3.592061125605665,13.939619828550132
ligand-259-c-o-9,1,2,41,89.21762,1.932,1.979,0.19964,0.27285,-0.63187,0.1166,0.9047,-0.1203,-0.0166,-0.0106,-0.3723,0.0515,0.0514,0.3836,-0.1145,-0.1073,0.7559,0.166,0.1587,-0.39894,-0.28875,-0.22915,0.38365,0.16153,0.20768,-0.39894,-0.09466,-0.22915,0.38365,-0.28875,-0.34562,-0.34562,0.16153,0.38365,0.38365,0.05972,0.20026,0.37914000000000003,0.07320999999999997,0.8315100000000001,0.05919999999999999,0.1037,0.006,0.64515,0.4238,9.999999999999593e-05,1.01547,0.4981,0.007199999999999998,0.303569,-0.027559,-0.548887,0.521328,0.0619,-0.0567,-0.0002,0.6819,41.55446328736489,66.98425270219903,26.12281028699217,33.271990309355196,39.83879985091316,66.98425270219903,26.12281028699217,40.86144241520686,36.555395080134176,46.5535314945956,50.128121505777116,32.98080506895266,29.697400298173683,53.411526276556096,9.998136414461428,17.147316436824454,23.714125978382413,97.13473723443906,49.138091688408494,75.34010436079016,62.383525903838986,4.160454714871412,4.337495341036154,3.107528885575848,36.833768169959
ligand-283-p-o-90,13,1,4,93.34435,2.255,2.078,0.10778,1.04787,-1.04658,0.1327,2.0945,0.3722,-0.3835,-0.0112,-0.3197,-0.2414,0.2017,2.4478,-0.6956,-0.1413,2.7675,0.4542,0.343,-0.34204,-0.8166,-0.20221,2.44785,-0.18458,0.23593,-0.34204,-0.46757,-0.20221,2.44785,-0.8166,-0.28037,-0.28037,-0.18458,2.44785,2.44785,-0.46757,-0.05697,0.10718,0.9400900000000001,1.15436,0.3716,0.7557,0.3723,1.3675700000000002,0.07829999999999998,0.4431,3.49438,3.1433999999999997,0.5543,0.162482,0.311112,-0.421731,0.732843,0.1584,-0.1951,0.007,4.7229,45.85818114051435,50.288855758479315,57.589452105851656,29.0090383898621,46.54537830786433,57.589452105851656,29.0090383898621,28.580413715989557,37.77720834886321,53.93915393216548,39.64894707417071,52.067415206857994,43.299245247856874,48.41711703317182,16.16194558330227,12.418468132687288,5.1178717853149465,93.42154304882594,97.14405516213193,79.75214312336936,55.819045844204254,2.19903093551994,13.3386134923593,18.034849049571374,7.156168468132687
ligand-321-n-n-34,1,5,4,79.01365,2.0,2.0,0.3189,-0.39959,-0.39956,0.1122,0.0,0.2077,-0.2447,-0.1309,0.2077,-0.1137,-0.1991,0.2077,-0.1137,-0.1991,0.0,0.0,0.0,0.1363,-0.67662,-0.61614,0.27916,-0.02634,0.24473,0.13631,-0.67662,-0.67662,0.1363,-0.67662,-0.67662,0.27916,0.27914,0.24472,0.27914,0.27916,0.24473,0.7185,0.7184900000000001,0.7184600000000001,0.6073,0.4524,0.11380000000000001,0.60729,0.3214,0.0854,0.60726,0.3214,0.0854,0.298481,-0.204538,-0.204403,0.00013499999999999623,0.1095,-0.1544,-0.0278,0.0402,47.38981550503168,40.50503168095416,54.25829295564667,54.28857622064853,40.50736116287737,54.28857622064853,40.50503168095416,13.783544539694368,47.397968691762955,47.381662318300414,47.39680395080134,47.38282705926202,54.273434588147595,40.50619642191577,0.016306373462541046,0.013976891539321912,13.767238166231827,75.06988445769662,93.29575102497205,75.09783824077525,93.27245620573984,15.304696235557211,5.9168840849795,15.220834886321283,5.940178904211703
ligand-337-n-n-45,1,4,5,80.25544,2.079,2.048,0.2901,-0.41739,-0.42487,0.0964,0.0075,0.2058,-0.0539,-0.1722,0.2019,0.0317,-0.1512,0.2096,0.0285,-0.1519,0.0077,0.0032,0.0007,0.12893,-0.14279,-0.22919,0.28905,-0.00978,0.05699,0.12893,-0.14279,-0.22919,0.13021,-0.14096,-0.22821,0.27483,0.28905,0.05699,0.28905,0.27483,0.05699,0.7112,0.70749,0.7149700000000001,0.6269,0.25970000000000004,0.11829999999999999,0.61929,0.1702,0.1829,0.6344700000000001,0.1811,0.1804,-0.177366,0.058271,0.088368,0.030097,-0.091,-0.0474,-0.0082,0.001,60.56070629891912,61.14657100260902,59.494968319045846,60.02609019754007,61.575195676481556,61.575195676481556,59.494968319045846,2.08022735743571,60.800642937010814,60.32076966082744,60.58633060007455,60.5350819977637,59.76052925829296,61.36088333954529,0.47987327618337616,0.05124860231084938,1.600354081252327,94.69809914275065,92.05180767797242,94.26481550503169,94.26481550503169,25.787364890048455,28.88557584793142,26.93812896011927,27.595042862467388
ligand-376-c-o-12,1,2,41,88.90594,1.947,2.08,0.18721,0.27643,-0.92083,0.1092,1.1973,0.5514,-0.3088,-0.0491,-0.3809,0.0191,0.3618,2.4162,-0.6611,-0.3238,2.7971,0.6802,0.6856,-0.38627,-0.97984,-0.27207,2.41618,0.15278,0.21206,-0.38627,-0.10664,-0.27207,2.41618,-0.97984,-0.37562,-0.37562,0.15278,2.41618,2.41618,-0.05387,-0.27207,0.5094099999999999,0.08922000000000002,1.10804,0.8735999999999999,0.8602000000000001,0.25970000000000004,0.65733,0.4,0.3427,3.33703,3.0773,0.33730000000000004,0.286553,-0.051532,-0.458808,0.40727599999999997,0.2564,-0.1716,-0.0426,6.1659,46.57391446142378,30.05730525531122,68.5450055907566,49.6668840849795,38.02646291464779,68.5450055907566,30.05730525531122,38.48770033544538,43.84667349981365,49.30115542303391,39.86209467014536,53.2857342527022,59.10594483786805,34.0418840849795,5.454481923220264,13.423639582556838,25.06406075288855,54.472605292582934,97.8988073052553,73.01994036526277,93.97595974655236,5.357808423406634,3.0329854640327993,39.191203876257916,5.6420052180395075
ligand-384-p-n-20,2,1,11,85.2558,2.278,2.078,0.11397,1.10331,-0.48123,0.1539,1.5845,-0.131,-0.3553,0.081,-0.4209,-0.3454,0.132,0.3038,-0.242,-0.1535,0.7247,0.1034,0.2855,-0.62885,-0.6048,-0.39247,0.46117,0.2585,0.2413,-0.62885,-0.6048,-0.39247,0.14645,-0.62885,-0.38811,-0.31166,0.46117,0.23616,0.46117,-0.00295,0.2585,0.19702999999999998,0.98934,0.5952,0.442,0.2243,0.4363,1.52421,0.07550000000000001,0.4774,0.78503,0.5458000000000001,0.0885,-0.270659,0.35753,-0.069538,0.427068,0.0344,-0.2047,0.0555,1.1682,54.5721906448006,48.23192322027581,58.747204621692134,56.01705180767797,55.29258292955647,58.747204621692134,48.23192322027581,10.515281401416324,55.654817368617216,53.48956392098397,52.12448751397689,57.0198937756243,57.38212821468505,51.76225307491614,2.1652534476332477,4.895406261647409,5.619875139768915,86.04174431606411,90.56093924711143,92.60622437569884,98.53708535221767,13.497018263138278,17.978941483414086,26.93346999627283,10.422102124487514
ligand-390-p-n-26,34,1,13,84.33537,2.309,2.086,0.07027,1.02869,-0.4458,0.13,1.4745,-0.1824,-0.0072,-0.2274,-0.473,0.109,-0.3963,0.2534,-0.3278,0.1212,0.7264,0.4368,0.5175,-0.72917,-0.24834,-0.6305,0.26098,0.2575,0.22002,-0.72917,-0.00398,-0.6305,0.24578,-0.72917,-0.13919,-0.34026,0.2575,-0.20736,0.26098,-0.09097,0.2575,0.22113,0.95842,0.51607,0.4738,0.1752,0.22019999999999998,1.50169,0.582,0.5053,0.6992,0.5811999999999999,0.44899999999999995,-0.365162,0.350436,-0.192219,0.542655,-0.1069,0.0582,-0.1134,2.4563,56.82538203503541,66.91436824450243,38.59718598583675,50.33777487886694,71.45219903093552,71.45219903093552,38.59718598583675,32.855013045098765,60.89498695490123,52.75577711516959,58.62607156168468,55.02469250838614,44.46748043235185,69.18328363771897,8.139209839731635,3.601379053298544,24.715803205367123,99.8509131569139,63.85109951546776,97.55870294446515,82.79444651509505,17.881103242638837,45.34569511740589,13.34327245620574,33.97782333209094
ligand-395-p-n-28,12,1,26,97.85319,2.283,2.07,0.09853,1.0506,-1.0614,0.1314,2.112,0.1601,-0.2903,0.0006,-0.4242,-0.3243,0.2659,1.0367,-0.2596,-0.2818,1.4609,0.0647,0.5477,-0.49794,-0.60306,-0.61146,1.89979,0.22224,0.22843,-0.49794,-0.60306,-0.18996,0.17361,-0.42268,-0.61146,-0.28637,0.22224,1.89979,1.89979,-0.02123,-0.15878,0.10393000000000001,0.95207,1.15993,0.16549999999999998,0.4504,0.2909,1.4748,0.09990000000000004,0.5902000000000001,2.0980999999999996,1.2963,0.022199999999999998,-0.389858,0.416401,-0.094565,0.510966,0.1425,-0.1557,-0.0129,5.6786,58.38904677599702,61.34457696608274,58.76816995900112,49.46887812150578,63.97456205739843,63.97456205739843,49.46887812150578,14.505683935892648,56.721720089452106,60.05637346254193,55.40672754379426,61.37136600819977,54.11852404025345,62.659569511740585,3.3346533730898216,5.96463846440551,8.541045471487138,99.42694744688781,97.26052925829296,99.30581438688036,91.14796869176296,7.789787551248602,28.64330972791651,20.275810659709283,23.262206485277677
ligand-410-p-p-30,10,21,1,88.57769,2.207,2.207,-0.18061,1.14863,1.14861,0.1583,0.0,-0.449,-0.3094,0.181,-0.449,-0.3128,0.1556,-0.449,-0.3128,0.1556,0.0,0.0,0.0,-0.50778,-0.60082,-0.19008,-0.33654,0.2255,0.22853,-0.50778,-0.60081,-0.19999,-0.50776,-0.60082,-0.2,-0.33654,0.2255,0.22852,-0.33658,0.2255,0.22853,1.32921,1.32924,1.3292199999999998,1.5976000000000001,0.1396,0.4904,1.59763,0.1362,0.46840000000000004,1.59761,0.1362,0.46840000000000004,-0.195531,0.461861,0.461893,3.199999999997649e-05,-0.0804,-0.2014,0.1056,0.0348,53.22807957510249,52.634644055162134,53.83432724562057,53.82966828177413,52.613678717853155,53.83432724562057,52.613678717853155,1.2206485277674162,53.22167349981365,53.23448565039135,53.23215616846814,53.22400298173686,53.83199776369735,52.624161386507645,0.012812150577701686,0.008153186731277628,1.2078363771897074,95.64386880357809,94.28811032426388,95.63455087588521,94.28345136041744,13.375885203130824,9.592806559821096,13.380544166977264,9.62541930674618
ligand-415-n-n-84,1,27,26,81.42255,2.027,2.019,0.32106,-0.39654,-0.39829,0.1057,0.0017,0.1339,-0.0331,-0.0019,0.1344,0.0184,-0.0028,0.1333,0.0201,-0.0408,0.0011,0.0017,0.038,0.09017,-0.23217,-0.16898,0.17647,0.21845,0.22057,0.0926,-0.23186,-0.16898,0.09017,-0.23217,-0.16843,0.17629,0.21036,0.22047,0.17647,0.21845,0.22057,0.71846,0.7176,0.7193499999999999,0.5313,0.16699999999999998,0.0312,0.53094,0.11599999999999999,0.0212,0.53159,0.1132,0.0609,0.471806,-0.455335,-0.424851,0.03048400000000001,0.1221,0.0221,0.0207,0.0005,34.14205180767797,32.01639955273947,36.34690644800596,34.24571375326128,33.95918747670518,36.34690644800596,32.01639955273947,4.330506895266488,34.102450614983226,34.18165300037272,33.13105665300037,35.153046962355575,35.29631010063362,32.98779351472233,0.0792023853894932,2.0219903093552034,2.308516585911292,62.21580320536712,67.22884830413716,63.469064480059636,66.09206112560567,2.3993663809168844,4.449310473350727,5.464964591874767,1.816995900111815
ligand-429-n-n-98,1,4,5,88.8058,2.067,2.076,0.24643,-0.41969,-0.42509,0.1378,0.0054,0.1688,-0.0332,-0.1229,0.1653,-0.0941,-0.0247,0.1723,-0.097,-0.0224,0.007,0.0029,0.0023,0.14084,-0.53209,-0.24309,0.20371,0.17604,0.25593,0.14153,-0.53209,-0.24309,0.14084,-0.53209,-0.22767,0.18906,0.17604,0.25593,0.20371,0.1758,0.25593,0.66883,0.66612,0.67152,0.5912,0.202,0.0897,0.58499,0.2594,0.0694,0.5973900000000001,0.2693,0.0746,-0.419012,-0.055254,-0.095468,0.040214,0.0803,-0.006,-0.0065,0.1422,61.06038017144987,50.27254938501677,70.24086843086097,70.6694931047335,53.05860976518822,70.6694931047335,50.27254938501677,20.396943719716738,61.864051434960864,60.25670890793887,60.47102124487513,61.6497390980246,70.45518076779723,51.6655795751025,1.6073425270219914,1.1787178531494646,18.789601192694732,79.24897502795378,99.00298173686171,82.62206485277675,98.93309727916511,42.4058889303019,23.495154677599704,41.478755124860236,21.29612374207976
ligand-432-p-c-30,45,19,46,97.14364,2.275,1.933,-0.06356,1.09475,0.328,0.1478,0.7667,-0.3589,-0.1225,0.0479,-0.3317,-0.1658,-0.0275,-0.3996,-0.0575,0.1278,0.0679,0.1083,0.1553,-0.41246,-0.21522,-0.20842,-0.30641,0.13393,0.24022,-0.34738,-0.20383,-0.21522,-0.41246,-0.21522,-0.03466,-0.30641,-0.03466,0.23244,-0.3868,0.13393,0.24022,0.7749600000000001,1.15831,0.39156,1.0703,0.2364,0.1704,1.42645,0.1659,0.1383,0.7276,0.3421,0.1853,-0.312441,0.636167,-0.139925,0.776092,0.0359,-0.1495,0.0501,8.2455,57.9161619455833,38.18253820350354,67.98360044726053,65.75661572866194,59.741893402907195,67.98360044726053,38.18253820350354,29.801062243756988,62.74925456578457,53.083069325382034,51.96957696608274,63.86274692508386,66.87010808796123,48.96221580320537,9.666185240402534,11.89316995900112,17.90789228475586,72.6798360044726,97.62392843831532,90.61684681326872,97.74506149832277,33.76816995900112,28.86693999254566,38.34327245620574,3.6852404025344767
ligand-434-c-n-10,13,14,55,80.5728,1.944,2.064,0.16837,0.30083,-0.41145,0.1279,0.7123,-0.0778,-0.0499,0.1147,-0.398,0.0977,0.048,0.2424,-0.1727,0.0549,0.6404,0.2704,0.0069,-0.40231,-0.26465,-0.1379,0.39311,0.22359,0.23256,-0.40231,-0.07869,-0.26465,0.09167,-0.39371,-0.1379,-0.39371,0.39311,0.23256,0.39311,0.22359,0.22106,0.22366999999999998,0.13246,0.57982,0.022499999999999992,0.027899999999999994,0.1646,0.6988300000000001,0.49570000000000003,0.049699999999999994,0.65385,0.4151,0.2276,0.415091,-0.061982,-0.360451,0.29846900000000004,0.1144,-0.0516,0.061,0.0,44.43719716734998,53.47325754752143,35.408125232948194,53.422008945210585,35.445396943719714,53.47325754752143,35.408125232948194,18.065132314573233,44.43370294446515,44.44069139023481,53.44763324636601,35.426761088333954,44.415067089079386,44.45932724562057,0.006988445769657403,18.020872158032056,0.04426015654118487,83.76351099515468,65.39321654863959,65.44912411479686,83.70760342899739,23.13641446142378,5.441669772642564,5.423033917256801,23.183004099888187
ligand-451-n-o-18,11,1,32,86.7222,2.037,1.986,0.34068,-0.57579,-0.58924,0.128,0.0134,0.4151,-0.311,-0.041,0.2333,-0.2626,0.0869,0.7787,-0.3936,-0.0394,0.5454,0.131,0.1263,0.21155,-0.50425,-0.2441,0.77871,-0.23556,0.20893,0.21155,-0.29278,-0.20419,0.77871,-0.50425,-0.2441,0.25514,-0.23556,0.77871,0.77871,-0.28305,0.25514,0.92318,0.91647,0.92992,0.9976,0.7261,0.27,0.8090900000000001,0.4959,0.34950000000000003,1.36794,1.1723,0.3542,0.327129,-0.365103,-0.450971,0.085868,0.4235,-0.2853,-0.0006,0.1195,35.691739657100264,38.366567275437944,33.69362653745807,43.444837868058144,27.261926947446888,43.444837868058144,27.261926947446888,16.182910920611256,35.35338240775252,36.03009690644801,40.905702571748044,30.47777674245248,38.56923220275811,32.81424711144241,0.6767144986954889,10.427925829295564,5.754985091315696,67.43850167722698,64.8667536339918,52.70685799478196,74.93477450614984,11.954901229966456,1.816995900111815,2.5204994409243384,9.2946328736489
ligand-476-p-p-31,19,18,20,105.64118,2.439,2.392,-0.03265,1.03798,1.03914,0.1698,0.0012,-0.3053,-0.3599,0.1258,-0.3048,-0.181,0.0325,-0.3056,-0.4314,0.1545,0.0008,0.2504,0.122,-0.31628,-0.60293,-0.16979,-0.295,-0.17355,0.24413,-0.30475,-0.18338,-0.16979,-0.31628,-0.60293,-0.16833,-0.30475,-0.17858,0.23474,-0.295,-0.17355,0.24413,1.07125,1.07063,1.07179,1.3439,0.05459999999999998,0.4857,1.3427799999999999,0.12380000000000002,0.2135,1.3447399999999998,0.12580000000000002,0.5859,-0.632393,0.338725,0.297721,0.041003999999999985,0.2191,-0.3556,0.0611,2.8559,59.27832650018636,50.013976891539315,70.44819232202758,68.45881475959746,48.19232202758107,70.44819232202758,48.19232202758107,22.25587029444651,58.325568393589265,60.23108460678345,59.23639582556839,59.320257174804325,69.45350354081252,49.10314945956019,1.9055162131941827,0.08386134923593858,20.350354081252327,79.91054789414834,99.90682072307119,80.76313827804697,99.8276183376817,37.09001118151323,15.62150577711517,40.989563920983976,20.1174058889303
