filename,lig_node,rxn_node,ligand_name,candidate_literature,ni_atom_label,ligand_atom_1_label,ligand_atom_2_label,atoms_to_exclude
ligand-11-c-n-7-int1,11,CO_alt-ethylene,c-n-7,candidate,50,1,16,"[5,6,7,51,52,53,58,59,54,55,56,57]"
ligand-124-c-o-3-int1,124,CO_alt-ethylene,c-o-3,candidate,108,1,35,"[32,33,34,109,110,111,116,112,113,114,115,117]"
ligand-126-p-p-25-int1,126,CO_alt-ethylene,p-p-25,candidate,57,6,1,"[3,4,5,58,59,60,65,61,62,63,64,66]"
ligand-127-p-p-26-int1,127,CO_alt-ethylene,p-p-26,candidate,69,1,6,"[3,4,5,70,71,72,73,74,75,76,77,78]"
ligand-13-p-p-5-int1,13,CO_alt-ethylene,p-p-5,candidate,83,6,1,"[3,4,5,84,85,86,91,92,87,88,89,90]"
ligand-14-p-c-1-int1,14,CO_alt-ethylene,p-c-1,candidate,69,1,41,"[2,3,68,70,71,72,73,74,75,76,77,78]"
ligand-15-p-c-2-int1,15,CO_alt-ethylene,p-c-2,candidate,80,1,42,"[2,3,4,71,72,73,78,79,74,75,76,77]"
ligand-16-p-c-3-int1,16,CO_alt-ethylene,p-c-3,candidate,75,1,42,"[2,3,4,76,77,78,83,84,79,80,81,82]"
ligand-186-p-o-53-int1,186,CO_alt-ethylene,p-o-53,literature,40,1,5,"[16,17,18,41,42,43,44,45,46,47,48,49]"
ligand-187-p-o-54-int1,187,CO_alt-ethylene,p-o-54,literature,19,1,5,"[16,17,18,20,21,22,23,24,25,26,27,28]"
ligand-18-p-c-5-int1,18,CO_alt-ethylene,p-c-5,candidate,75,5,49,"[2,3,4,76,77,78,83,84,79,81,82,80]"
ligand-19-p-c-6-int1,19,CO_alt-ethylene,p-c-6,candidate,75,5,49,"[2,3,4,76,77,78,83,79,81,82,80,84]"
ligand-21-p-c-8-int1,21,CO_alt-ethylene,p-c-8,candidate,69,5,49,"[2,3,4,70,71,72,77,78,73,74,75,76]"
ligand-22-p-c-9-int1,22,CO_alt-ethylene,p-c-9,candidate,73,5,49,"[2,3,4,74,75,76,81,82,77,78,79,80]"
ligand-251-p-o-66-int1,251,CO_alt-ethylene,p-o-66,literature,19,1,5,"[16,17,18,20,21,22,23,24,25,26,27,28]"
ligand-252-p-o-67-int1,252,CO_alt-ethylene,p-o-67,literature,19,1,5,"[16,17,18,20,21,22,23,24,25,26,27,28]"
ligand-2-p-p-1-int1,2,CO_alt-ethylene,p-p-1,candidate,56,10,11,"[2,3,4,57,58,59,64,65,60,61,62,63]"
ligand-31-p-p-10-int1,31,CO_alt-ethylene,p-p-10,candidate,52,6,1,"[3,4,5,53,54,55,60,61,56,57,58,59]"
ligand-32-p-p-11-int1,32,CO_alt-ethylene,p-p-11,candidate,55,6,1,"[3,4,5,56,57,58,63,64,59,60,61,62]"
ligand-35-p-p-14-int1,35,CO_alt-ethylene,p-p-14,candidate,62,14,10,"[1,2,3,63,64,65,66,67,68,69,70,71]"
ligand-38-p-o-2-int1,38,CO_alt-ethylene,p-o-2,literature,39,1,5,"[16,17,18,40,41,42,43,44,45,46,47,48]"
ligand-3-p-p-2-int1,3,CO_alt-ethylene,p-p-2,candidate,59,6,1,"[3,4,5,60,61,62,67,68,63,64,66,65]"
ligand-409-p-o-140-int1,409,CO_alt-ethylene,p-o-140,candidate,85,1,5,"[34,35,36,86,87,88,93,94,89,90,91,92]"
ligand-41-p-o-5-int1,41,CO_alt-ethylene,p-o-5,candidate,59,1,5,"[16,17,18,60,61,62,67,68,63,64,65,66]"
ligand-41-p-o-5-int1,41,CO_alt-ethylene,p-o-5,literature,59,1,5,"[16,17,18,60,61,62,67,68,63,64,65,66]"
ligand-42-p-p-16-int1,42,CO_alt-ethylene,p-p-16,candidate,72,11,10,"[2,3,4,73,74,75,80,81,76,77,78,79]"
ligand-431-p-c-29-int1,431,CO_alt-ethylene,p-c-29,candidate,66,31,8,"[1,2,3,67,68,69,70,71,72,73,74,75]"
ligand-432-p-c-30-int1,432,CO_alt-ethylene,p-c-30,candidate,76,14,40,"[10,11,12,77,78,79,84,85,86,81,82,83]"
ligand-43-p-p-17-int1,43,CO_alt-ethylene,p-p-17,candidate,75,6,1,"[3,4,5,76,77,78,82,83,84,79,80,81]"
ligand-44-p-p-18-int1,44,CO_alt-ethylene,p-p-18,candidate,86,1,6,"[3,4,5,87,88,89,94,95,90,91,92,93]"
ligand-464-p-o-161-int1,464,CO_alt-ethylene,p-o-161,literature,58,1,2,"[55,56,57,59,60,61,62,63,64,65,66,67]"
ligand-466-p-o-163-int1,466,CO_alt-ethylene,p-o-163,literature,65,1,2,"[53,54,55,66,67,68,69,70,71,72,73,74]"
ligand-467-p-o-164-int1,467,CO_alt-ethylene,p-o-164,literature,65,1,2,"[53,54,55,66,67,68,69,70,71,72,73,74]"
ligand-473-p-o-170-int1,473,CO_alt-ethylene,p-o-170,candidate,47,1,5,"[16,17,18,48,49,50,51,52,53,54,55,56]"
ligand-474-p-c-32-int1,474,CO_alt-ethylene,p-c-32,candidate,69,4,17,"[1,2,3,70,71,72,73,74,75,76,77,78]"
ligand-475-p-c-33-int1,475,CO_alt-ethylene,p-c-33,candidate,109,4,17,"[1,2,3,100,101,102,103,104,105,106,107,108]"
ligand-476-p-p-31-int1,476,CO_alt-ethylene,p-p-31,candidate,77,18,19,"[20,21,22,78,79,80,81,82,83,84,85,86]"
ligand-477-p-p-32-int1,477,CO_alt-ethylene,p-p-32,candidate,25,18,19,"[20,21,22,26,27,28,29,30,31,32,33,34]"
ligand-478-p-p-33-int1,478,CO_alt-ethylene,p-p-33,candidate,69,39,18,"[64,65,66,70,71,72,73,74,75,76,77,78]"
ligand-479-p-p-34-int1,479,CO_alt-ethylene,p-p-34,literature,82,1,36,"[59,60,61,83,84,85,90,91,86,87,88,89]"
ligand-47-p-p-21-int1,47,CO_alt-ethylene,p-p-21,candidate,75,6,1,"[3,4,5,76,77,78,83,84,79,80,81,82]"
ligand-480-p-p-35-int1,480,CO_alt-ethylene,p-p-35,candidate,61,18,19,"[20,21,22,62,63,64,65,66,67,68,69,70]"
ligand-481-p-p-36-int1,481,CO_alt-ethylene,p-p-36,candidate,78,51,11,"[75,76,77,79,80,81,82,83,84,85,86,87]"
ligand-482-p-p-37-int1,482,CO_alt-ethylene,p-p-37,candidate,60,15,1,"[11,12,13,61,62,63,64,65,66,67,68,69]"
ligand-486-p-p-41-int1,486,CO_alt-ethylene,p-p-41,candidate,56,15,1,"[11,12,13,57,58,59,64,65,60,61,62,63]"
ligand-48-p-p-22-int1,48,CO_alt-ethylene,p-p-22,candidate,75,1,6,"[3,4,5,76,77,78,83,84,79,80,81,82]"
ligand-497-p-n-43-int1,497,CO_alt-ethylene,p-n-43,literature,70,1,7,"[2,3,4,61,62,63,64,65,66,67,68,69]"
ligand-498-n-n-109-int1,498,CO_alt-ethylene,n-n-109,candidate,79,1,7,
ligand-498-p-n-44-int1,498,CO_alt-ethylene,p-n-44,literature,79,1,7,"[2,3,4,80,81,82,83,84,85,86,87,88]"
ligand-499-n-n-110-int1,499,CO_alt-ethylene,n-n-110,candidate,57,1,7,
ligand-499-p-n-45-int1,499,CO_alt-ethylene,p-n-45,literature,57,1,7,"[2,3,4,58,59,60,61,62,63,64,65,66]"
ligand-500-p-o-171-int1,500,CO_alt-ethylene,p-o-171,literature,19,1,5,"[16,17,18,20,21,22,23,24,25,26,27,28]"
ligand-501-p-o-172-int1,501,CO_alt-ethylene,p-o-172,literature,37,1,5,"[16,17,18,38,39,40,41,42,43,44,45,46]"
ligand-502-p-o-173-int1,502,CO_alt-ethylene,p-o-173,literature,19,1,5,"[16,17,18,20,21,22,23,24,25,26,27,28]"
ligand-503-p-o-174-int1,503,CO_alt-ethylene,p-o-174,literature,38,1,5,"[16,17,18,39,40,41,42,43,44,45,46,47]"
ligand-504-p-o-175-int1,504,CO_alt-ethylene,p-o-175,literature,19,1,5,"[16,17,18,20,21,22,23,24,25,26,27,28]"
ligand-508-p-p-43-int1,508,CO_alt-ethylene,p-p-43,literature,106,1,15,"[11,12,13,97,98,99,100,101,102,103,104,105]"
ligand-509-p-p-44-int1,509,CO_alt-ethylene,p-p-44,literature,100,1,15,"[11,12,13,91,92,93,94,95,96,97,98,99]"
ligand-510-p-p-45-int1,510,CO_alt-ethylene,p-p-45,literature,76,36,1,"[59,60,61,77,78,79,80,81,82,83,84,85]"
ligand-511-p-p-46-int1,511,CO_alt-ethylene,p-p-46,literature,68,36,1,"[59,60,61,69,70,71,72,73,74,75,76,77]"
ligand-512-p-p-47-int1,512,CO_alt-ethylene,p-p-47,literature,64,34,1,"[55,56,57,65,66,67,68,69,70,71,72,73]"
ligand-513-p-p-48-int1,513,CO_alt-ethylene,p-p-48,literature,91,1,14,"[10,11,12,92,93,94,95,96,97,98,99,100]"
ligand-514-p-p-49-int1,514,CO_alt-ethylene,p-p-49,literature,85,1,14,"[10,11,12,86,87,88,89,90,91,92,93,94]"
ligand-515-p-p-50-int1,515,CO_alt-ethylene,p-p-50,literature,63,1,14,"[10,11,12,64,65,66,67,68,69,70,71,72]"
ligand-516-p-p-51-int1,516,CO_alt-ethylene,p-p-51,literature,63,1,14,"[10,11,12,64,65,66,67,68,69,70,71,72]"
ligand-517-p-p-52-int1,517,CO_alt-ethylene,p-p-52,literature,63,1,14,"[10,11,12,64,65,66,67,68,69,70,71,72]"
ligand-518-p-p-53-int1,518,CO_alt-ethylene,p-p-53,literature,60,1,14,"[10,11,12,61,62,63,64,65,66,67,68,69]"
ligand-519-p-p-54-int1,519,CO_alt-ethylene,p-p-54,literature,63,1,14,"[10,11,12,64,65,66,67,68,69,70,71,72]"
ligand-520-n-o-80-int1,520,CO_alt-ethylene,n-o-80,literature,16,8,11,"[13,14,15,17,18,19,20,21,22,23,24,25]"
ligand-521-n-o-81-int1,521,CO_alt-ethylene,n-o-81,literature,16,8,10,"[12,13,14,16,17,18,19,20,21,22,23,24]"
ligand-522-n-o-82-int1,522,CO_alt-ethylene,n-o-82,literature,15,8,10,"[12,13,14,16,17,18,19,20,21,22,23,24]"
ligand-523-n-o-83-int1,523,CO_alt-ethylene,n-o-83,literature,24,11,16,"[17,18,19,25,26,27,28,29,30,31,32,33]"
ligand-524-n-o-84-int1,524,CO_alt-ethylene,n-o-84,literature,20,11,16,"[17,18,19,21,22,23,28,24,25,26,27,29]"
ligand-525-n-o-85-int1,525,CO_alt-ethylene,n-o-85,literature,20,11,16,"[17,18,19,21,22,23,28,24,25,26,27,29]"
ligand-526-n-o-86-int1,526,CO_alt-ethylene,n-o-86,literature,20,11,16,"[17,18,19,21,22,23,28,24,25,26,27,29]"
ligand-527-n-o-87-int1,527,CO_alt-ethylene,n-o-87,literature,20,11,16,"[17,18,19,21,22,23,28,24,25,26,27,29]"
ligand-528-p-o-179-int1,528,CO_alt-ethylene,p-o-179,literature,58,1,2,"[55,56,57,59,60,61,62,63,64,65,66,67]"
ligand-529-p-o-180-int1,529,CO_alt-ethylene,p-o-180,literature,69,1,2,"[55,56,57,70,71,72,73,74,75,76,77,78]"
ligand-530-p-o-181-int1,530,CO_alt-ethylene,p-o-181,literature,67,1,2,"[55,56,57,68,69,70,71,72,73,74,75,76]"
ligand-531-p-o-182-int1,531,CO_alt-ethylene,p-o-182,literature,69,1,2,"[55,56,57,70,71,72,73,74,75,76,77,78]"
ligand-532-p-o-183-int1,532,CO_alt-ethylene,p-o-183,literature,77,1,2,"[55,56,57,78,79,80,81,82,83,84,85,86]"
ligand-53-p-c-18-int1,53,CO_alt-ethylene,p-c-18,candidate,54,14,40,"[10,11,12,55,56,57,62,63,58,59,60,61]"
ligand-55-p-c-20-int1,55,CO_alt-ethylene,p-c-20,candidate,73,14,40,"[10,11,12,74,75,76,77,78,79,80,81,82]"
ligand-57-p-c-22-int1,57,CO_alt-ethylene,p-c-22,candidate,90,46,18,"[63,64,65,91,92,93,98,99,94,95,96,97]"
ligand-58-p-c-23-int1,58,CO_alt-ethylene,p-c-23,candidate,86,38,18,"[61,62,63,87,88,89,94,90,91,92,93,95]"
ligand-59-p-c-24-int1,59,CO_alt-ethylene,p-c-24,candidate,113,38,18,"[55,56,57,104,105,106,111,112,107,108,109,110]"
ligand-90-p-o-16-int1,90,CO_alt-ethylene,p-o-16,literature,58,1,2,"[55,56,57,59,60,61,62,63,64,65,66,67]"
ligand-91-p-o-17-int1,91,CO_alt-ethylene,p-o-17,literature,75,6,1,"[55,56,57,59,60,61,62,63,64,65,66,67]"
